Energy,Cross_section_pb,pid,momentum,parent_pids,theta,phi
28.37082,6.0434e-05,,,,,
,,-13,"(-1.0743050626972894, -0.9173880975932052, 9.332995179057278, 9.439899116899984)","(14, 2)",0.1502262222217196,3.848367512451298
,,39,"(-1.2920947012350332, 0.38511149895801583, 6.692092932172124, 6.827721165804421)","(39, 39)",0.19880997586510898,2.8519239085542125
,,2112,"(0.6253650949196504, -0.14459946016883246, 3.509682267353657, 3.689532749346682)","(1, 2101)",0.18088505485293627,6.055954663955297
,,-211,"(0.21101895799460815, 0.27287760811609996, 2.4450347803312793, 2.473189449187814)","(-213, 90)",0.14015722417312151,0.9125430179514072
,,211,"(0.8201230451287023, -0.1729116450090918, 0.958010198593505, 1.2805325343934422)","(213, 90)",0.7187673020893617,6.075392344899837
,,22,"(0.06466411695296144, 0.10103357885613959, 0.7092486505829463, 0.7193211246943303)","(111, 90)",0.16754433685155828,1.0014646936875091
,,22,"(0.26631797944386704, 0.7071522748843385, 2.9866036492834276, 3.0807127363586253)","(111, 90)",0.24780894749478985,1.2106181654128778
,,22,"(0.04449676609905037, 0.008658015451068063, 0.09730106430658424, 0.10734253835278246)","(111, 90)",0.43598641271946076,0.19217505173936256
,,22,"(0.3344138033934801, -0.2399337734945324, 1.6378758997316625, 1.688797877333229)","(111, 90)",0.24619324950286256,5.660826726917766
,,,,,,
,,-13,"(2.102672210573556, 1.1276971524276325, 7.023628338639206, 7.418588165388845)","(14, 2)",0.32747721379779665,0.4922767439561239
,,39,"(-0.000688832350159832, 0.743361833231155, 9.180408982692928, 9.211316154636101)","(39, 39)",0.08079638711178723,1.5717229712931833
,,2112,"(-0.3480203596832785, -0.8017560319364858, 3.9690465859611694, 4.1713371347723305)","(2114, 90)",0.21675244233972973,4.302858888534971
,,211,"(-0.1774349391781162, -0.16064455105543599, 1.5380089101677956, 1.5627671042354576)","(310, 90)",0.15438677093432868,3.8773675644160632
,,-211,"(-1.1706159472138953, -0.31475910024276027, 4.596391787787975, 4.755597989612019)","(310, 90)",0.25785622599469127,3.4042633889032388
,,22,"(-0.0031839677200101307, -0.015094682916563303, 0.13877432632498576, 0.13962915436880402)","(111, 90)",0.11071032891345832,4.504503300069631
,,22,"(-0.40272816442809833, -0.5788046195075668, 1.922585689838499, 2.047813589357856)","(111, 90)",0.35152704163244153,4.1044921343598375
,,,,,,
,,-13,"(1.0206934737663105, -1.4553162115216962, 20.22895391164287, 20.307178554340783)","(14, 2)",0.0876475055394462,5.32402384129183
,,39,"(0.40545170872353437, -0.47185090295159937, 3.1340615293378224, 3.197690565698103)","(39, 39)",0.19595579781255856,5.422245543657256
,,2112,"(-1.5574110117733568, 1.9905378493660635, 4.359347032678519, 5.125862690862368)","(1, 2101)",0.5254091270051594,2.23471747544222
,,22,"(0.12379806631842376, 0.0030928908122663315, 0.5028945356331945, 0.5179174076698755)","(111, 90)",0.24144411736389937,0.02497815717710915
,,22,"(0.0074677629650879394, -0.06646362570503545, 0.14358761212006937, 0.158400073800189)","(111, 90)",0.43590799989416695,4.824278352865069
,,,,,,
,,-13,"(-0.39030786669317497, -1.1628262934077958, 14.293215863015444, 14.346138468654184)","(-13, 90)",0.08560599633818335,4.388550841535138
,,39,"(-0.6314532190141938, -0.9824717571085692, 6.334108937087084, 6.442109038953168)","(39, 39)",0.1823343877131811,4.141149287294295
,,22,"(-7.159382152180169e-10, -5.495958584919627e-09, 5.465464961177919e-08, 5.493495110111155e-08)","(22, 22)",0.10106206438133941,4.582852106387696
,,-211,"(0.2478275078659667, 1.5338789475846515, 4.859200609667566, 5.1034805230736495)","(-213, 90)",0.309483844700573,1.4106114640847518
,,2112,"(0.48234164407126234, 0.3350415408536841, 1.7579866923187604, 2.0780315904655624)","(2214, 90)",0.322411678240427,0.6071024398885753
,,211,"(-0.03583979073951586, -0.1234741924465853, 0.30554443951502885, 0.35967701652891554)","(2214, 90)",0.39830053619953615,4.429890462741412
,,22,"(0.22887762617624446, 0.36125725836634454, 0.6749390413023353, 0.7990209533926855)","(111, 90)",0.5647777761752285,1.0060662052724412
,,22,"(0.09855409904935016, 0.03859450165423143, 0.14384898385161865, 0.17859164636821856)","(111, 90)",0.6343398362471435,0.3732503926830038
,,,,,,
,,-13,"(-0.4568659586586504, -1.263591155111298, 16.84828476768124, 16.902107938358938)","(14, 2)",0.07958139240440408,4.365451708868604
,,39,"(1.0225538698477605, -0.6331007131635642, 3.3776498211916266, 3.5875897432539468)","(39, 39)",0.3420715009889499,5.7288133525803735
,,-211,"(-0.14467479978957531, 1.1791918311043987, 4.8533704761171395, 4.998610700543004)","(1, 2101)",0.240064719180537,1.692876011400252
,,211,"(0.0764705407161548, 0.14360218847741088, -0.08792838223947658, 0.23169056397742077)","(1, 2101)",2.0662799233700397,1.0814751270328775
,,2112,"(-0.4974836521156889, 0.5738978486930519, 3.3774679386619524, 3.58705034623802)","(1, 2101)",0.22119475117248186,2.28499201177079
,,,,,,
,,-13,"(0.289805077036437, -1.666065148557598, 8.335838984870426, 8.50629976424532)","(-13, 90)",0.20015259251193968,4.884611614015437
,,39,"(0.33940284518548414, -0.15214201910560343, 10.412725830559568, 10.420127140743356)","(39, 39)",0.03570484707040938,5.8617761195854365
,,22,"(-0.003639406435923141, -0.06827821542310353, 0.15950624462819815, 0.1735436603738672)","(22, 22)",0.4049729388896493,4.6591367745914996
,,-211,"(-0.20270623273105975, 1.2540483137584806, 4.335079558134942, 4.519526695383926)","(1, 2101)",0.2850537463270841,1.7310516905570432
,,2112,"(-0.11555217331625503, 0.5423370267920906, 1.9725648702961776, 2.2541707361720347)","(1, 2101)",0.27403896034280995,1.7807207204166915
,,211,"(0.2062899902223873, 0.07986143799466788, 0.617473913734506, 0.6705872265314462)","(213, 90)",0.34400397855439635,0.3693642146130121
,,22,"(-0.39143656784883774, -0.1463243182545961, 0.562173049530833, 0.700479785847348)","(111, 90)",0.6392318128074016,3.4993227995445584
,,22,"(0.00889746096563928, -0.007928805295518251, 0.04034497786664737, 0.042068372967225424)","(111, 90)",0.28722580664702047,5.555291744597149
,,22,"(-0.01486474857787439, 0.013720538177713869, -0.007016763744204048, 0.021411419654275884)","(111, 90)",1.9046763858364049,2.3962010816290453
,,22,"(-0.07694175215047155, -0.015127297546123318, 0.34678644753525284, 0.35554143014444106)","(111, 90)",0.22237848670225385,3.3357237260176915
,,22,"(-0.009840811821225079, 0.011600292607818394, 0.785402928727909, 0.7855502331616139)","(111, 90)",0.019366124211898504,2.274316842018072
,,22,"(0.07116155606213054, 0.03766407925213197, 0.2835820480523904, 0.2947903117551239)","(111, 90)",0.2766389255604672,0.48679291373203376
,,22,"(-0.025940712386730895, 0.09997087371444649, 0.158620077580032, 0.1892813386519029)","(111, 90)",0.5771662822009626,1.8246797810041149
,,22,"(-0.07463452420370474, 0.016663241885191277, 0.36576245363979326, 0.37367117673944283)","(111, 90)",0.2061068173281438,2.9219306702880647
,,,,,,
,,-13,"(1.9544356355392645, 1.5262778227637992, 9.243674013073566, 9.571103172638875)","(-13, 90)",0.2620973075197138,0.663004375217955
,,39,"(0.1939338722443103, 0.0699063975012164, 2.3149871951833303, 2.327554915922352)","(39, 39)",0.08881530113624393,0.34596728033515306
,,22,"(1.72448138437021e-05, 4.3057660521730865e-06, 5.289486634084677e-05, 5.580134506457735e-05)","(22, 22)",0.324175032707816,0.24468188168438537
,,2112,"(-1.0576519530597612, -0.292170581309588, 3.540597207936051, 3.8239523632151173)","(1, 2101)",0.3005232736349465,3.4111155384380227
,,11,"(-0.12422122789486648, -0.22961175804147999, 1.542908358419326, 1.564838310015392)","(223, 90)",0.16761264589614933,4.216477539169725
,,-11,"(-0.1543526428738772, -0.2874490132637109, 1.926859503662811, 1.9542874613436805)","(223, 90)",0.16773598163021816,4.219601520599438
,,22,"(-0.27570135858231687, -0.4951855859098696, 6.226331188047698, 6.252073261476748)","(221, 90)",0.09077658822825975,4.204367745438954
,,22,"(0.17310522629990482, -0.23032821455772798, 1.4308573600248335, 1.459578463300596)","(221, 90)",0.19870855980064825,5.356887057524471
,,22,"(-0.015802155030925552, -0.10497292342409043, 0.11154747469294263, 0.15398656391449886)","(111, 90)",0.7606363730205719,4.56297532482046
,,22,"(-0.07289451306395497, -0.007116962909758155, 0.0024724285362947365, 0.07328283631763349)","(111, 90)",1.537051756483637,3.2389179157282917
,,22,"(-0.5302509280006934, 0.0908159010490747, 1.688901558060621, 1.7725129188100561)","(111, 90)",0.3083720985249984,2.971968749438653
,,22,"(-0.09061720039093263, -0.040169387663916895, 0.3396554389086653, 0.3538232240713186)","(111, 90)",0.28394402651334627,3.558849680364605
,,,,,,
,,-13,"(1.3359616141703583, 1.4088152089508317, 13.349739497612598, 13.490599038486973)","(-13, 90)",0.144423501168738,0.8119345625214103
,,39,"(-0.006142709870208707, 0.2792529985855907, 6.288210317142665, 6.295669772492781)","(39, 39)",0.044390540980768486,1.5927897143007341
,,22,"(3.4930381437851447e-06, 5.192604951532383e-06, 4.124679453332044e-05, 4.1718850906161954e-05)","(22, 22)",0.1505761274598772,0.9786320303209625
,,-211,"(-0.8635092977738628, -0.9816733558172739, 1.4814632208929601, 1.9807937663022879)","(3, 2101)",0.7230705790016682,3.9909427097694192
,,2212,"(0.11617648356951998, -0.5184143710366195, 2.4585645786211385, 2.684611855665993)","(3, 2101)",0.21281825234420615,4.932846299782349
,,211,"(-0.12593295543357724, -0.17099470557649604, 2.6343109845167216, 2.646539711896439)","(310, 90)",0.08044052430848563,4.077601617340298
,,-211,"(-0.4565566277003728, -0.016990967710986238, 2.156514775831855, 2.2087934286759388)","(310, 90)",0.2087700628786904,3.1787909529475487
,,,,,,
,,-13,"(1.3538700363089562, 0.41383221752358773, 7.196711887926445, 7.335396868124963)","(14, 2)",0.19423545615709575,0.2966469402799266
,,39,"(1.6138410006277226, -0.25988772785581343, 10.691906536911633, 10.81687287167632)","(39, 39)",0.15171032397265016,6.123519326193124
,,2112,"(-1.1913348708695735, -0.1561949724724423, 2.3378110328183506, 2.791384576521604)","(1, 2101)",0.4747494767426264,3.2719582773752234
,,211,"(-0.9415248057293921, 0.32165964721848017, 4.37355769115831, 4.487473738223156)","(113, 90)",0.2236861437863056,2.8123875675228405
,,-211,"(-0.8348513603377261, -0.31940916441381173, 3.7688574725977464, 3.8759212378252945)","(113, 90)",0.23286928609990917,3.5070044439058634
,,,,,,
,,-13,"(2.07679922085497, -0.15593840240470783, 7.571835033470011, 7.853741885163538)","(-13, 90)",0.2684141874861496,6.208240009958889
,,39,"(0.08070094440304293, 0.6887513865437866, 4.182691134475518, 4.241655945838827)","(39, 39)",0.16429901975664105,1.4541582338912815
,,22,"(0.3413780050822727, 0.03201437072785271, 1.269066878422617, 1.3145701214451735)","(22, 22)",0.2638791417878397,0.09350634957294865
,,22,"(1.905181673416439e-08, 2.4499427610655408e-09, 5.3565628961003816e-08, 5.6905628424547035e-08)","(22, 22)",0.34431664124330624,0.12789178414790917
,,211,"(-0.7258720201935961, -0.03694908721352502, 0.8624254627554414, 1.1364474860083864)","(1, 2103)",0.7002718519673005,3.192451789293958
,,2112,"(-0.4794643249544168, -0.25131596938175105, 5.398814932441711, 5.5066360162104315)","(1114, 90)",0.09993557485275846,3.6243808430383
,,-211,"(-0.34762462538805305, 0.18613187887719115, 3.1189184083978096, 3.146842827287894)","(1114, 90)",0.12576109150710915,2.6499971839699175
,,211,"(-0.6777421279048098, -0.0827238924993228, 3.622929407008491, 3.689346135481743)","(223, 90)",0.18627378430189814,3.2630499322719726
,,-211,"(-0.2750914594244016, -0.3325096881027867, 1.6658742722954034, 1.7265152416721372)","(223, 90)",0.25348266627932065,4.02121088171387
,,22,"(0.015587972665827832, -0.08539265250328364, 0.5935261402188377, 0.5998401196289295)","(111, 90)",0.1452213645921751,4.892945620449591
,,22,"(-0.00867160419265699, 0.03793205350660364, 0.08276289836101719, 0.09145345672864423)","(111, 90)",0.439480345012883,1.7955430849579623
,,,,,,
,,-13,"(-1.59563308546057, 0.2896520019288559, 5.322201630182553, 5.564794466425121)","(14, 2)",0.29576916424359906,2.9620201131646047
,,39,"(-0.5707272351208739, 0.4851575245591395, 7.198665693571118, 7.238628605606112)","(39, 39)",0.10368377677162822,2.4370585382230034
,,2112,"(0.08897125714341425, 0.0915844746824151, 2.025820580023232, 2.236748624219134)","(1, 2103)",0.06294578746185417,0.799870343644053
,,-211,"(1.1435483890737665, -0.3025480676109029, 6.946186925853895, 7.0475691444051725)","(-213, 90)",0.16867589355830254,6.024541837018054
,,211,"(0.48045897281934646, 0.5921987190734416, 1.9022023178106915, 2.05411625528333)","(213, 90)",0.3812796827157217,0.8891947185799901
,,22,"(0.18321230914143516, -0.3025497364031027, 2.0804675387634344, 2.110319471802055)","(111, 90)",0.16839934840965845,5.256887392865399
,,22,"(-0.005378202424210499, -0.14782640241368736, 1.0046609479641213, 1.0154925852393286)","(111, 90)",0.14618757437074545,4.676023139895734
,,22,"(0.12157706860891015, -0.46463672677412177, 1.2715866742278628, 1.3592648533500682)","(111, 90)",0.361136433977532,4.968311747363355
,,22,"(0.15397052621877774, -0.2410317870420381, 0.6170523130155718, 0.6801152860410012)","(111, 90)",0.4340355397350554,5.2808486952585225
,,,,,,
,,-13,"(-1.0202623534448552, 0.45645954773259, 9.89346083178268, 9.956958464018575)","(14, 2)",0.11249829525795,2.720907752555198
,,39,"(-1.1969098776074196, -0.7750156122219646, 8.819404760054738, 8.934819063502875)","(39, 39)",0.16029253765833018,3.7162180901893187
,,-211,"(0.6684686149660404, -0.0670139717495824, 4.069986405302858, 4.127421747998906)","(1, 2101)",0.16359156646763778,6.183269146288227
,,2212,"(0.5051621451350604, 0.7688860808630662, 1.264627380799644, 1.8237345210832057)","(1, 2101)",0.6289292901212055,0.9895122967637701
,,22,"(0.44517449760299743, -0.11736941165728644, 1.5862463726648888, 1.6517062289951494)","(111, 90)",0.28247562143624205,6.025403188815835
,,22,"(0.5983669733481775, -0.26594663296682086, 2.735118870807667, 2.812409266772611)","(111, 90)",0.23498392680540783,5.864952944945461
,,,,,,
,,-13,"(0.6563301043957745, -1.3166006349776749, 9.693182227139223, 9.804751509451297)","(-13, 90)",0.15061953361579988,5.174838721405831
,,39,"(-0.3860365218057829, -0.6248781931681486, 1.9422584583576066, 2.0803157916727244)","(39, 39)",0.3615472547287425,4.1589992739914745
,,22,"(0.15728906823481423, -0.09224099309261265, 1.2311403736651263, 1.2445701552990875)","(22, 22)",0.14703850739876892,5.752794211258543
,,22,"(3.2259751982851845e-09, -6.115889168664731e-09, 4.909306750766662e-08, 4.957761887803462e-08)","(22, 22)",0.13992535975992676,5.197773790406255
,,-211,"(-0.15501118571013925, 1.7471573071362059, 4.667228688074299, 4.987894398968221)","(1, 2101)",0.359486074156341,1.6592865660611749
,,2212,"(0.15719350868221174, -0.5261453708888965, 2.041315100406405, 2.3127595384144133)","(1, 2101)",0.26278488225936936,5.002711816335241
,,211,"(-0.23362753169108813, 0.2366591666033016, 1.400947257701169, 1.4466244808041464)","(223, 90)",0.23306144972962545,2.349748224689698
,,-211,"(-0.06306695937068116, 0.5102603405266747, 5.886128825054229, 5.910189115968536)","(223, 90)",0.08712711043457926,1.6937702706297038
,,22,"(0.0014716778733138425, -0.030538625172945682, 0.37811249365064203, 0.37934658469257815)","(111, 90)",0.08068416635495647,4.760542432033133
,,22,"(-0.13454216383440437, 0.09632700914994607, 1.1285311482708662, 1.140597667522855)","(111, 90)",0.14558726222940324,2.520234406363128
,,,,,,
,,-13,"(-0.11123103554551575, -0.20132967033613722, 2.3354388537841637, 2.349115717624587)","(14, 2)",0.098171525523711,4.207642137354927
,,39,"(-0.5069027184401487, -2.7815138235248553, 13.852293447733203, 14.138445890552838)","(39, 39)",0.20133975972620063,4.532127316456112
,,2112,"(0.3941660026851086, 1.503904804519393, 7.298870875898563, 7.521529388805813)","(2114, 90)",0.20986923591429413,1.3144668806205033
,,22,"(-0.004502987628950864, 0.07640937933528498, 0.0430700775670715, 0.08782768202351424)","(111, 90)",1.0582557230625196,1.6296606377588294
,,22,"(-0.30395960870595295, 0.6061396816075157, 0.7631829760285299, 1.0209040171552373)","(111, 90)",0.7264214510934693,2.0356175865329993
,,22,"(0.2162552051991735, 0.21490089427991943, 1.2136801494482672, 1.2513865163500901)","(111, 90)",0.24610655599400585,0.782257058663532
,,22,"(0.31617514243628453, 0.5814887341188864, 2.8623082409526606, 2.9378400798592326)","(111, 90)",0.22724840510962852,1.0727766598469637
,,,,,,
,,-13,"(-0.20510639137892234, -0.13139954122614048, 2.93393743635245, 2.9459272542358055)","(14, 2)",0.08283384103881654,3.7113603736706877
,,39,"(1.8038295259058692, -1.8888550632345409, 15.151815897162596, 15.37579098165366)","(39, 39)",0.1706988279070519,5.474765812258675
,,2112,"(-1.6592435584794893, 1.3452228410962435, 9.182054107851854, 9.47394443212445)","(1, 2101)",0.2285678808670067,2.46033434659029
,,211,"(0.1175524694061482, -0.03830724290891188, 0.2055471573392956, 0.27751657015938824)","(223, 90)",0.5415219329279537,5.968163496592838
,,-211,"(-0.18036714889931668, 0.23689740222282263, 0.4438910882284868, 0.5524235428461207)","(223, 90)",0.5908336241131437,2.2215361441597374
,,22,"(0.03589446540550006, 0.1367235688916619, 0.21861192809646957, 0.2603323300000895)","(111, 90)",0.5739888781056365,1.3140570097071538
,,22,"(0.08744063804021059, 0.33971803515886445, 0.23298700638133138, 0.4211141813518192)","(111, 90)",0.9845197090155086,1.3188728619167849
,,,,,,
,,-13,"(0.3492098256746034, -2.1168541934562923, 16.301436108546824, 16.442353919537663)","(14, -1)",0.13085989716234958,4.8758828941690995
,,39,"(-0.03833629225945996, 0.08974022182254576, 1.1484688539247652, 1.159462206675351)","(39, 39)",0.08476669399775581,1.9745220333994797
,,-211,"(-1.2046043534993351, 1.8657598716559496, 7.081898702072181, 7.423267512252459)","(1, -2)",0.30388114164428476,2.1440985774362633
,,2112,"(0.47354037596773585, -0.19960274117418167, 1.5113792270827713, 1.8523338508252851)","(2214, 90)",0.327750312010437,5.884273108856744
,,211,"(0.2142126873983849, -0.003541009009667896, 1.0328910304405088, 1.064069208205792)","(2214, 90)",0.20451960546601267,6.266656470461159
,,22,"(0.12375774055204605, 0.12021507401694406, 0.663159794312361, 0.6852361309503904)","(111, 90)",0.25452550033172777,0.7708784408615238
,,22,"(0.08222001616602412, 0.24428277614470326, 0.6296109050330607, 0.6803264639243831)","(111, 90)",0.38856392560090636,1.2461291266616072
,,,,,,
,,-13,"(0.20029610323182992, -1.4172281026600735, 3.249270023196426, 3.5521224279551844)","(14, -3)",0.4149279015768725,4.852788601019702
,,39,"(0.012058610759320337, -0.7090517041377087, 10.90260926884246, 10.926373484365241)","(39, 39)",0.06495295362311167,4.729394014477828
,,211,"(-0.1480164459153188, 0.20427258336825704, 1.1583997348155077, 1.1937361044627843)","(2, -4)",0.2144200931360557,2.1978439893488773
,,2212,"(-0.4104394576440895, 0.5542592403589691, 2.3965222528092136, 2.6644574222577146)","(3122, 90)",0.28021332272454325,2.208201883324828
,,-211,"(-0.17826061814444022, 0.11504069240205789, 0.7254414218698142, 0.7686066941902606)","(3122, 90)",0.2845198244623645,2.5684924726393303
,,321,"(0.11276385375221348, 0.5655659339918555, 3.707484474035512, 3.784407692099189)","(-411, 90)",0.1543130168153977,1.3739947507823895
,,-211,"(0.2954517576122395, 0.34391229300502746, 1.2297282860753709, 1.3180587425566461)","(-411, 90)",0.3532321098897143,0.861048419513379
,,-211,"(0.4700983638337367, 0.13689328082592583, 3.5732019794235828, 3.6092914003542376)","(-213, 90)",0.1361787572367002,0.28336522493653693
,,22,"(-0.21294480541871452, 0.0497778496999514, 0.7975687824682272, 0.8270062195917366)","(111, 90)",0.2676130767629245,2.911956692091815
,,22,"(-0.14100736206677694, 0.15655793314573713, 0.6286183978763581, 0.6629891045383293)","(111, 90)",0.3234076959185725,2.3039826292392553
,,,,,,
,,-13,"(-0.6937484196905399, 0.6842576358321983, 2.6313926890111268, 2.8080040778814768)","(14, 2)",0.3546490571181784,2.363081712319146
,,39,"(-1.6889626401714561, -0.864736275930401, 8.04798736474422, 8.269601754101814)","(39, 39)",0.23154017623755455,3.6147882032265835
,,22,"(0.16257723736578297, 0.1052857342058089, 0.3362150672205652, 0.3880167720123392)","(111, 90)",0.5226563688572358,0.5746892991381428
,,22,"(0.2679384423715372, 0.15647067502581546, 0.9732978257340789, 1.0215589746178169)","(111, 90)",0.3086077846781759,0.528556753616594
,,2112,"(0.2404610429610321, 0.11657497861929259, 1.765652062673435, 2.0178528762387384)","(3122, 90)",0.15020852480968558,0.4514120327833505
,,22,"(0.0773528106795929, 0.00708080738324296, 0.6022308386299362, 0.6072195469104628)","(111, 90)",0.1282726195924917,0.09128470582701606
,,22,"(0.07388225224025095, -0.08525129223736333, 0.2922204534767768, 0.31323978587402557)","(111, 90)",0.3684215098003355,5.42646493493115
,,22,"(0.2811851498422425, 0.01151737288625852, 1.8873344423461775, 1.908200470505173)","(111, 90)",0.14801967182074124,0.04093722002875695
,,22,"(1.2420016506891278, -0.11365006597641963, 10.084968860431543, 10.161795183612238)","(111, 90)",0.12304353518706163,6.191933864348385
,,22,"(0.04015074389653293, 0.01952370622444356, 1.09761265567731, 1.0985202771197176)","(111, 90)",0.040653059830633484,0.452595423889951
,,22,"(0.06804411336906517, -0.06252986512259469, 0.4548555501546276, 0.46414820575210797)","(111, 90)",0.20043974191094818,5.539992900983934
,,22,"(0.007399469945300725, -0.041590561353214456, 0.02248786370524833, 0.04785635760453074)","(111, 90)",1.0816150209112558,4.888458945845808
,,11,"(-0.0674576215083876, 0.058477598215238694, 0.14962931893327847, 0.17423935949729755)","(111, 90)",0.5379497680473406,2.427380688186464
,,-11,"(-0.010824231990082062, 0.008569552227693386, 0.022959628674141058, 0.026795650643578778)","(111, 90)",0.5413817271994257,2.4719327765619274
,,,,,,
,,-13,"(1.9625971375199724, 0.32708610029490376, 11.724270498781513, 11.892369637940382)","(14, 2)",0.16810336206656354,0.16514202303524614
,,39,"(0.25349984409503984, -0.1740180974953527, 1.7068314727260496, 1.7388694795919954)","(39, 39)",0.178235476927487,5.681602916797358
,,2112,"(-0.8938731615468167, 0.14682614671520744, 1.1870925378843125, 1.7642413737052982)","(1, 2101)",0.6518225703238314,2.978788096857183
,,130,"(-0.590375673830533, -0.36093890739986684, 8.110637413608542, 8.15529737644511)","(311, 311)",0.08511005916657421,3.6903316774653887
,,-321,"(-0.31161666078723566, -0.046147373231834404, 4.327291703225695, 4.3667388232572755)","(-313, 90)",0.07266910387093355,3.2886143036609856
,,211,"(-0.4202314854504231, 0.10719213111694198, 1.312720995186352, 1.3895326014312537)","(-313, 90)",0.31908368900099615,2.891839711693051
,,,,,,
,,-13,"(0.6127183172974204, 2.463553700483136, 16.256843430372278, 16.45419833740782)","(14, 2)",0.15490512414213015,1.3270291384090518
,,39,"(0.09559696419867933, 0.09444738111408443, 1.246345892320211, 1.259875427263754)","(39, 39)",0.10740753282707587,0.7793492117085284
,,2112,"(-0.7358320958316648, -3.079568542946161, 10.276361490496397, 10.794053388427209)","(1, 2101)",0.2988812104563013,4.477846513396304
,,22,"(0.0769669523570087, 0.3085030072942837, 0.3882800548089745, 0.5018559735892386)","(111, 90)",0.6861543269306065,1.326302185407503
,,22,"(-0.04945013802144463, 0.213064454054657, 0.20101375341462133, 0.29706616568330857)","(111, 90)",0.8275750272660648,1.7988488397261162
,,,,,,
,,-13,"(-0.07458029969810656, -1.1004800934823653, 10.60390292211807, 10.661638704934534)","(14, 2)",0.10364597673674045,4.644721755302979
,,39,"(2.099473130027047, -0.3908185679493152, 8.56640699709435, 8.829479278993908)","(39, 39)",0.2443124421278914,6.099141069173284
,,-211,"(-1.0739062675887985, 0.5458937721667664, 6.8307860752340535, 6.937607143141533)","(1, 2101)",0.17456653773890562,2.671306973446975
,,2212,"(-0.9509865627401423, 0.9454048892649146, 2.3677486269660024, 2.8783241653013496)","(1, 2101)",0.5153037228648192,2.359137794619935
,,,,,,
,,-13,"(1.3315629201657373, 2.006847827525339, 11.35287549748249, 11.606008965623877)","(-13, 90)",0.20904288559471934,0.9849825288654943
,,39,"(0.3807332071353115, 0.1864718477351944, 3.2861875466204733, 3.315811671089457)","(39, 39)",0.12829957874445733,0.4554304743444538
,,22,"(0.0008351621601868178, 0.0020014863725482373, 0.011585073903192673, 0.01178632177041422)","(22, 22)",0.1850595031710182,1.1754904082087516
,,211,"(-0.5197955102198122, -0.7753771229594583, 2.613723601709758, 2.7789256748405835)","(113, 90)",0.3430286196565089,4.121821618127306
,,-211,"(0.16566714174775832, 0.07551318452148417, 0.3078973215458866, 0.38396404572118303)","(113, 90)",0.5340118496881583,0.4276772296806017
,,130,"(-1.3234043670394409, -0.9768617176210856, 7.426637333220907, 7.622874505417441)","(311, 311)",0.21796626276446524,3.7774620180127023
,,2212,"(-0.06147878413655061, -0.3498015221861007, 2.898236708726917, 3.0669638665192736)","(3122, 90)",0.12193655090615407,4.538412457817033
,,-211,"(0.025880230186801273, -0.16879398338792467, 0.471701538202859, 0.520714241389102)","(3122, 90)",0.34734473767233365,4.8645285437207715
,,,,,,
,,-13,"(2.055231797844405, -1.2153578917769714, 7.762592972976549, 8.122197131791388)","(-13, -13)",0.29840498863504705,5.749151616448445
,,39,"(0.2784765951513397, 0.18546488400346092, 8.974071865820195, 8.981189298289358)","(39, 39)",0.03726614638093485,0.5875396087042938
,,130,"(-1.499583526561843, 1.1456207906108367, 9.141924996735334, 9.347919881291762)","(311, 311)",0.2035648752157222,2.4892172850085865
,,2112,"(-0.7126266442501438, -0.19236465874500536, 2.221666337509325, 2.52258478473002)","(3122, 90)",0.32076905416599866,3.4052462389868583
,,22,"(-0.10384109425246134, 0.0024337872134023025, 0.21842991532301004, 0.24186881585637698)","(111, 90)",0.44387931263386987,3.1181593323814734
,,22,"(-0.01765712793129696, 0.07420308869428224, 0.05015853304810884, 0.091289380412466)","(111, 90)",0.9890959663324344,1.8044084719545095
,,,,,,
,,-13,"(1.1092683117216593, -0.3382521628906989, 8.03694760786996, 8.12087320430117)","(14, 2)",0.14330622080955133,5.987209281301744
,,39,"(0.6195083951361718, 0.3394948016320609, 3.2573448100695415, 3.335444723754631)","(39, 39)",0.21356650957672635,0.5013116208030591
,,-211,"(-0.2084997101902264, 0.626782230376398, 2.449455404248571, 2.5407950833877866)","(1, 2101)",0.2634067875945276,1.8919326188678325
,,-321,"(0.12422168082594645, 0.23135703154653828, 2.152968327656855, 2.2243987197278283)","(1, 2101)",0.12137018371137796,1.0780458626603315
,,211,"(0.1460382573897466, -0.1529443410938351, 0.3624229761756116, 0.44220961393218156)","(1, 2101)",0.5281889277030631,5.47469263629434
,,2112,"(0.3759780172483923, -0.5823304756247659, 2.562016285939919, 2.815526147386448)","(1, 2101)",0.26422608997504793,5.285695694532941
,,211,"(-0.7114079215546383, 0.15462846432147218, 2.430328991556003, 2.540864023305208)","(323, 90)",0.29104904458281505,2.9275661054490523
,,211,"(-0.3141390828580253, -0.2144359624455105, 1.575646801425398, 1.6269015867934062)","(310, 90)",0.23686164991976955,3.740555104356451
,,-211,"(-1.140967947719025, -0.06429958582165923, 5.541713416470615, 5.660036189782662)","(310, 90)",0.20336325909709943,3.197888402535672
,,,,,,
,,-13,"(0.4076198401879172, 1.8905921890305595, 11.24927934652831, 11.414812421199333)","(14, 2)",0.17026074963775328,1.35844262060649
,,39,"(0.7008725519515474, 0.6736421370556305, 8.808098230652826, 8.862474791235329)","(39, 39)",0.10992167480736911,0.7655898240964852
,,2112,"(-1.0727290388396094, -0.8155562431000347, 3.151718151518871, 3.5541523135542086)","(1, 2101)",0.4040362255367755,3.791629817888725
,,22,"(0.050128192485909544, -0.5591373860998479, 0.9838874643207309, 1.1327762332711402)","(221, 90)",0.5185011613704251,4.801802663088315
,,22,"(-0.08589154578576684, -1.1895406968863118, 4.17586142839174, 4.34283353311132)","(221, 90)",0.2781965568609448,4.640308435671512
,,,,,,
,,-13,"(-0.8798093968346774, -1.3449874772933457, 9.34164789320716, 9.479483387036252)","(14, 2)",0.17037756296417866,4.133109264668869
,,39,"(-0.4893447882730689, -0.580887800317651, 9.894134962871497, 9.924043759649608)","(39, 39)",0.07661562601275906,4.012318749072167
,,211,"(1.0007711207821786, -0.06855999349217638, 1.240521116232964, 1.6014417671645589)","(1, 2101)",0.6799782061483343,6.214785013538844
,,2112,"(0.22402388567369153, 1.627194572313295, 4.469882556427488, 4.853925291006541)","(1114, 90)",0.35215188672813597,1.4339814922014087
,,-211,"(0.14435917865188397, 0.36724069878987875, 3.4226580926733776, 3.4481550875143783)","(1114, 90)",0.11478232723655349,1.1962597474024403
,,,,,,
,,-13,"(-0.3515300485265224, -0.06702055823015529, 0.4124491224225567, 0.5561865194605838)","(14, 2)",0.7146525352563293,3.329985595777579
,,39,"(-2.7072601571588857, -0.16838742752883662, 12.126261734161835, 12.42657170949589)","(39, 39)",0.2200647293613614,3.2037110967584037
,,-211,"(1.7214484144434632, 0.18263485824215153, 11.734938496484054, 11.862756907068375)","(1, 2103)",0.14646125508072477,0.10569832307490841
,,2112,"(1.1117302168394756, -0.06721892378294597, 3.1141973950637825, 3.43823787121696)","(2214, 90)",0.34346447615302167,6.222795485402152
,,211,"(0.22561157440246468, 0.11999205129978319, 0.9809978732802168, 1.0232962851294816)","(2214, 90)",0.2548230804529481,0.4888036207838322
,,,,,,
,,-13,"(0.5827892049877577, 1.8716671577948567, 7.905344820623222, 8.145454068102806)","(-13, 90)",0.2430687074348832,1.2689372606349423
,,39,"(0.9793922942636035, -0.5997137077272698, 9.327439284481061, 9.398714716626724)","(39, 39)",0.1225060787823164,5.733747125126081
,,22,"(0.0009761415306624784, 0.003069021010634291, 0.01222259418584589, 0.01263976071306228)","(22, 22)",0.25763333672672195,1.2628515920770855
,,2112,"(-1.7419302334185915, -1.5844362025256018, 10.097715522246093, 10.411119515742827)","(1, 2103)",0.22910021513513174,3.879678981588242
,,22,"(0.10886099320327608, 0.06933621236988828, -0.10902306000025958, 0.1689504477615441)","(223, 90)",2.2722071072656003,0.5671281798902863
,,22,"(0.054484853848234455, 0.20907366001637634, 0.6752456388244831, 0.7089690172094906)","(111, 90)",0.3096731980623143,1.3158651864139173
,,22,"(0.015426745585055496, 0.031003859061116593, 0.45989982105203125, 0.46120176621487263)","(111, 90)",0.07515676557709061,1.1090905883101503
,,,,,,
,,-13,"(-1.0371282073481072, -1.7378991609714467, 17.086202446753735, 17.205970083062322)","(14, 2)",0.11789945751137952,4.174346963174395
,,39,"(-0.13212599002772085, -0.30188312782857407, 4.845554801602949, 4.85837842875604)","(39, 39)",0.06790232064097687,4.299833631071865
,,2112,"(0.7088832873247612, 0.43905648075111303, 3.219004316422332, 3.4554401575462896)","(1, 2101)",0.2534649382748716,0.5545358780493164
,,22,"(0.09863475121848078, 0.1948645334261091, 0.5431009978075324, 0.5853714157309393)","(111, 90)",0.3823545210239645,1.1022242138053167
,,22,"(0.497422228397245, 0.4636510870792497, 1.7074908749539792, 1.837913570303173)","(111, 90)",0.3789931284222876,0.7502736297713244
,,22,"(-0.024950278489336737, 0.46561529731491774, 0.5475191554071595, 0.7191643393746134)","(111, 90)",0.7054391447727797,1.6243307334281687
,,22,"(-0.11073579107532208, 0.4765948902286346, 0.41997202846480186, 0.6448112975979577)","(111, 90)",0.861486819359608,1.799093442994184
,,,,,,
,,-13,"(-0.06620212115018778, 1.7306577729439159, 16.52825248451626, 16.6190809997248)","(-13, 90)",0.10440463024226912,1.6090302631661624
,,39,"(-0.21715344271901363, 0.5890099283753742, 5.908454655963691, 5.943044140551605)","(39, 39)",0.10585139770654452,1.9240106037069995
,,22,"(-0.00034471516355403283, 3.3940074789412284e-05, 0.009624749614158181, 0.009630980511240736)","(22, 22)",0.03597314862126053,3.043450651923554
,,22,"(-1.4620170297046892e-07, 3.093839786845208e-07, 2.7858926291112164e-06, 2.8068293722907942e-06)","(22, 22)",0.12221707408454044,2.0122498731345444
,,2212,"(0.14704900059139864, -2.0823841899806714, 5.997107425459454, 6.419002678661017)","(1, 2101)",0.33497769042349945,4.782887645489362
,,-211,"(0.13665142464306013, -0.23731776079738812, -0.07459748003371769, 0.31628768609328667)","(1, 2101)",1.8367470811588513,5.234836482306458
,,,,,,
,,-13,"(-0.12157830507535476, 1.5116131212150195, 11.734836543873454, 11.832890951053438)","(-13, 90)",0.12851785671577423,1.6510530781222712
,,39,"(0.768349025746948, 0.689279424794358, 2.6022432816835925, 2.8023178566027753)","(39, 39)",0.37762656876371214,0.731205902080748
,,22,"(-7.945040830405779e-11, 4.1510532550426645e-10, 3.2812615304225965e-09, 3.3083684845665135e-09)","(22, 22)",0.12809889932554427,1.7599074013599505
,,-211,"(-0.2771896193917223, 0.17173707224960247, 0.5259385673807656, 0.634364933332483)","(1, 2103)",0.5549921343574742,2.5869109795672607
,,2112,"(-0.058906426009340304, -0.24443068633357345, 1.9789792468980525, 2.205077543307691)","(2214, 90)",0.12637257617716946,4.475903972271336
,,211,"(0.15136990621542723, -0.39177000518202704, 1.945184857130459, 1.994898618671545)","(2214, 90)",0.21265122970284334,5.081094260853194
,,22,"(0.07584887764151974, -0.6084381537341981, 4.017355770003812, 4.063877141590514)","(111, 90)",0.15145588060712134,4.836410773525025
,,22,"(0.056080169896926435, -0.6904515439062437, 3.696921554586046, 3.761262726891209)","(111, 90)",0.18523100999612593,4.79343352915293
,,22,"(-0.12315077194613218, -0.13560933407471715, 0.3474813970002533, 0.3928095281180996)","(111, 90)",0.48514933795609866,3.975100816463633
,,22,"(-0.47082285699882104, -0.3019298954433255, 1.5199033995747802, 1.619549989495206)","(111, 90)",0.35261545257950394,3.7118142996855497
,,,,,,
,,-13,"(-0.10632594126328059, -0.648182967914836, 2.505339570595191, 2.5921683520308827)","(14, 2)",0.2564073823673067,4.549800055987681
,,39,"(-2.346488290122463, -0.24573896930346445, 14.403828256392318, 14.59631845014071)","(39, 39)",0.16235642650185694,3.2459385597943995
,,2112,"(1.4058676313827045, 0.5937008735906619, 4.395509232353419, 4.746813428066881)","(2114, 90)",0.33417154836313756,0.3995832967855269
,,22,"(-0.03472419287924863, -0.2178161809467325, 0.2641251349802111, 0.3441100771288886)","(221, 90)",0.6957705697834444,4.554299572600017
,,22,"(0.5454813661437045, 0.03947294117795318, 0.8173059717834639, 0.9834109443198973)","(221, 90)",0.5897261270491407,0.07223758607769352
,,22,"(0.03669771483203731, 0.06475674990060482, 0.9084793665851206, 0.9115234053179792)","(111, 90)",0.08174799458234785,1.0552213325847828
,,22,"(0.4732216390112662, 0.2966286252687197, 4.37416950594334, 4.409680955316599)","(111, 90)",0.12699525480523574,0.5599128308370778
,,22,"(0.026106138774168782, 0.0027571124815526753, 0.019035407829788444, 0.03242651541838036)","(111, 90)",0.9434083380521754,0.10522160265329146
,,22,"(0.00016393412110993905, 0.11442181574554315, 0.6810521749496096, 0.6905971646310868)","(111, 90)",0.16645307320530345,1.5693636104210664
,,,,,,
,,-13,"(-0.11044239859110017, -1.2492779302942167, 8.504497452764056, 8.597123578860376)","(-13, 90)",0.1464137878795887,4.6242132278833115
,,39,"(0.6274737591393359, -0.5970779274495146, 11.222169152317568, 11.256249587435422)","(39, 39)",0.07702982224993955,5.52260405572938
,,22,"(-3.482750806781097e-10, -1.6038078205325133e-09, 9.166901810449272e-09, 9.312657185757495e-09)","(22, 22)",0.1771570958836348,4.498553833516235
,,-211,"(0.04255149012755155, -0.2999791661032807, 0.17612853275199228, 0.3772256279171189)","(1, 2101)",1.0442278354453585,4.853297083845602
,,-211,"(-0.5085498369270818, 0.5695941592450615, 1.349945249108223, 1.5572066026621236)","(-213, 90)",0.5147720553921585,2.2996350550251154
,,2212,"(-0.0432152337722779, 0.2644508881721222, 3.1873016949708983, 3.3333233441041057)","(2224, 90)",0.08387345219269078,1.7327795319631254
,,211,"(0.009750701518509632, 0.8733609833313265, 1.7693796785731668, 1.9781402162721546)","(2224, 90)",0.45853705518985177,1.5596322187103429
,,22,"(-0.05985335729435953, 0.1755763657217294, 1.0851557708905062, 1.100896240195426)","(111, 90)",0.16930487398011587,1.8993381598704104
,,22,"(0.04228487614769744, 0.2633526289805794, 1.0742670808691626, 1.1068840856119313)","(111, 90)",0.24336506429785068,1.4115914700575878
,,,,,,
,,-13,"(1.3279263779662895, -0.1361601403254597, 12.526514507945393, 12.597883068296774)","(14, 2)",0.10616439880671935,6.181006487677599
,,39,"(1.0253940494116678, 0.8367965048257167, 5.410792248009634, 5.571730702370206)","(39, 39)",0.2398940129654734,0.6844650641854194
,,-211,"(-0.8291460414491539, 0.0369731030127301, 6.847038867337661, 6.898570228977145)","(1, 2101)",0.12062739290701754,3.097030388016485
,,2212,"(-1.3367017407828683, -0.8403685419437859, 2.370239466455667, 2.998562414115257)","(1, 2101)",0.5876406645602136,3.7028397252549237
,,22,"(-0.14621793421848317, 0.017493666271233846, 0.5520639590625918, 0.5713670690043248)","(111, 90)",0.26067619182181984,3.0225176031970293
,,22,"(-0.04125471092745141, 0.08526540815956604, 0.6621955726015311, 0.6689358096076141)","(111, 90)",0.1420776284767578,2.021431569987046
,,,,,,
,,-13,"(1.5966193251444687, 1.3651046772490776, 11.925574752253182, 12.10963258139778)","(14, 2)",0.17435751278385642,0.7073879159928848
,,39,"(0.2095322837596495, 0.610412993104098, 4.521015999713917, 4.568582098563329)","(39, 39)",0.14179186252034093,1.2401357209379107
,,2112,"(-0.9286442577316957, -0.1730930487731161, 3.0189103633357215, 3.299841348869282)","(1, 2101)",0.3032556250603536,3.3258712559519124
,,22,"(0.0022246555934419404, -0.020652580672650953, 0.023410268194447127, 0.03129726566148766)","(111, 90)",0.7257569675914667,4.819693277204745
,,22,"(-0.28436391643484643, 0.08988190308435835, 0.18973479901059104, 0.35346978290628994)","(111, 90)",1.0041826772575608,2.8354491228981713
,,211,"(-0.1826884434475568, -0.9684271227545249, 5.199647497457998, 5.294057049388222)","(223, 90)",0.18731178866684728,4.525935636697433
,,-211,"(-0.02878390558387245, -0.33393136955579905, 1.3606598732982158, 1.4082662207473378)","(223, 90)",0.2415203761754856,4.6264044434191165
,,22,"(-0.11213186340319306, -0.11114645084664027, 0.34899227695476276, 0.3830439892494684)","(111, 90)",0.42484569493984026,3.9225774633572583
,,22,"(-0.27176387789639034, -0.45814900083479815, 1.780898791193615, 1.8588589555881017)","(111, 90)",0.29064162376835173,4.177000805554602
,,,,,,
,,-13,"(-1.3415483380151516, 0.6356555536145614, 6.037739822422612, 6.218462520988616)","(-13, -13)",0.24109165031626692,2.6991056321314786
,,39,"(-1.5596797064265724, 0.7669582002101033, 7.391512142957854, 7.594150798381479)","(39, 39)",0.23094618028854091,2.6845741807474255
,,2112,"(0.8783266964045359, -0.2651644781901582, 3.833654224423831, 4.052340864667414)","(1, 2101)",0.23490441030285827,5.9899887598337855
,,211,"(1.0062881334014475, -0.023248181476390628, 5.034990949058785, 5.136513401848613)","(223, 90)",0.1973112366157392,6.260086508899086
,,-211,"(0.5174054942984739, -0.5773027331341107, 2.9261651784900824, 3.0303315541244418)","(223, 90)",0.2589817602743245,5.4431263932362315
,,22,"(0.2176484127678744, -0.40668144701610437, 0.9221883162216238, 1.0311119830082276)","(221, 90)",0.4637913194770093,5.2037841359378625
,,22,"(0.2815593075693812, -0.1302169140079001, 2.2225939878376915, 2.2441381693525333)","(221, 90)",0.13867662301132494,5.849997619540124
,,,,,,
,,-13,"(-1.3648771009013676, 0.44041414638325926, 11.909183213466154, 11.995693517608872)","(14, 2)",0.11984872294296173,2.829463461493487
,,39,"(-0.8159329061061263, -0.034003601978968345, 8.46653957464602, 8.506764604878745)","(39, 39)",0.09615765827278717,3.183243059886092
,,-211,"(-0.026244258575078894, -0.15225267477237797, 1.1589072813564953, 1.1774614684840445)","(1, 2101)",0.13253207402115277,4.541693331925223
,,2212,"(0.16036009216416233, -0.546619365438721, 1.5068919538788617, 1.8642912978921475)","(1, 2101)",0.36142779751139803,4.997749414425579
,,211,"(0.7318778171691962, 0.06475361496795767, 2.839037723207072, 2.9358905205420323)","(113, 90)",0.2532416805391408,0.08824620564444638
,,-211,"(1.3148163562492148, 0.22770788083884724, 2.4882848748578716, 2.8269478829654853)","(113, 90)",0.4922396426501273,0.17148509935557404
,,,,,,
,,-13,"(-0.5383610892629674, 1.6807211967955282, 12.667389617343611, 12.79017514176311)","(14, 2)",0.13843036017087973,1.8807854597914062
,,39,"(0.2148600105669865, 0.4050042593788548, 6.791232408289824, 6.807854274234878)","(39, 39)",0.06740658977497731,1.0830373598030527
,,-211,"(0.02783659356664983, -0.8175425305104499, 3.511465443338798, 3.6081879122070912)","(1, 2101)",0.22887387881253224,4.746424938919048
,,2212,"(-0.23136565308067508, -0.2751724129214469, 0.6656022546184083, 1.2052497154165054)","(1, 2101)",0.49523589296059417,4.013258831892973
,,211,"(0.053437079550562296, -0.05505414515541804, 0.6829736237996122, 0.7012982504438902)","(221, 90)",0.11186827682192615,5.482883211449851
,,-211,"(0.2750135116027752, -0.44211052107229565, 2.009102435500965, 2.080160216339793)","(221, 90)",0.25357550398894885,5.268861952193222
,,22,"(0.03203484844160592, -0.2421664437721262, 1.0243451264666665, 1.0530687328564676)","(111, 90)",0.23409829515667333,4.843909783294541
,,22,"(0.16654469861506227, -0.2536794027426479, 1.016733712054592, 1.061055049109592)","(111, 90)",0.2900520381829326,5.293331547006619
,,,,,,
,,-13,"(0.7713565737852812, 0.13213726926613067, 11.127658935079186, 11.15564469821886)","(14, 2)",0.07021298774547508,0.16965826742154658
,,39,"(1.294253446771827, 0.6799030255501713, 13.177510503905172, 13.258958937666273)","(39, 39)",0.1104925635584604,0.48370134104219215
,,2112,"(-0.9231755715587706, -0.08103435198509215, 1.5735101122454966, 2.053666370266442)","(1, 2101)",0.5322579342252252,3.2291460827815675
,,22,"(-0.7462166479843344, -0.4031902106392611, 1.5896960838897813, 1.8018144385088088)","(111, 90)",0.4901226306129934,3.636967862487992
,,22,"(-0.39621780101400306, -0.32781573219194854, 0.900468986292839, 1.0369648477109377)","(111, 90)",0.5188907139257993,3.8327967688010887
,,,,,,
,,-13,"(0.3069018639823826, 0.7676725686687814, 3.705016723478984, 3.7976075210138993)","(14, 2)",0.2195457189935827,1.1904776824194911
,,39,"(-0.06405130074580212, 1.5560435752440578, 10.445408564898964, 10.561618398067905)","(39, 39)",0.1480050347600634,1.611936024048853
,,-211,"(-0.5015693460821637, -0.9830241105596537, 3.1336763513856147, 3.3252541964494005)","(1, 2101)",0.33860725863806107,4.240590134181966
,,211,"(0.25987480160802257, -0.12321552446212046, -0.07747575741211224, 0.3289365529488402)","(1, 2101)",1.8339320211479735,5.84044364389649
,,2112,"(0.05693451298632165, -0.6961058562349665, 7.200402930905783, 7.294957097485235)","(2114, 90)",0.09669627483707832,4.793997349444306
,,22,"(-0.01225762099109581, -0.40129986426063585, 2.600991063957487, 2.6317952703648264)","(111, 90)",0.1531505200997439,4.681853682073331
,,22,"(-0.04583291075766316, -0.12007078839546254, 1.3608247441977466, 1.3668802560412123)","(111, 90)",0.09416416402541636,4.347743570066447
,,,,,,
,,-13,"(1.8411074782226875, -0.2507975288888249, 9.440853337099348, 9.622549138096627)","(14, 2)",0.19433214682904895,6.147797613871452
,,39,"(0.21887096685888807, -0.19619790587036695, 7.93879762163813, 7.9452347175703455)","(39, 39)",0.03700829488986221,5.552357726171883
,,-211,"(0.016610124111759272, 0.21270301982087514, 0.11237765688896252, 0.27861621189690505)","(1, 2101)",1.085995909997421,1.492863801787434
,,2212,"(0.08469661621210373, -0.20744990821182294, 1.4040831971375718, 1.7035284554708618)","(1, 2101)",0.1582526712142383,5.100008581112034
,,211,"(-0.170827092003883, 0.020305588920905955, 0.3925858350423486, 0.4507744836166154)","(113, 90)",0.4129947788737365,3.0232814571874007
,,-211,"(-1.9904580934015563, 0.42143673422923383, 9.08014697360611, 9.306346285719966)","(113, 90)",0.2204286110263476,2.9329455300820766
,,,,,,
,,-13,"(-0.5322472800765585, 2.0828660274594846, 15.028362468025627, 15.181714677909575)","(14, 2)",0.14208524327207914,1.8209785298981929
,,39,"(0.031041232401338836, 0.047595079238267335, 0.35458356749626196, 0.38053551420507004)","(39, 39)",0.15890162776411082,0.992880189626665
,,-211,"(-0.4568466034548767, -0.7391735466518669, 3.276028479197451, 3.3921864236169155)","(1, 2101)",0.2592766007656345,4.158802651055424
,,211,"(0.05973094903952207, 0.32927609747996434, 0.25444130772433626, 0.44295676834344344)","(1, 2101)",0.9207224638507625,1.3913468777464904
,,2112,"(-0.2526737858369529, -0.4598184342088245, 2.8162907548360456, 3.014890119915221)","(1, 2101)",0.1841862336001083,4.209923787357813
,,211,"(0.49125215084859414, -1.0257790197483942, 4.1083610459133455, 4.265168407173102)","(113, 90)",0.27007271115580483,5.159019770322837
,,-211,"(0.6597433370789334, -0.23496620356863412, 2.530776998219415, 2.6295973812080002)","(113, 90)",0.26997166051900684,5.94104405076623
,,,,,,
,,-13,"(0.09943509399338668, -1.172755895065302, 9.851806152661833, 9.922423707570314)","(14, 2)",0.11890326395469476,4.796974220754728
,,39,"(0.37226045436891286, -0.7869098031019424, 7.2451518481073105, 7.298347697101989)","(39, 39)",0.11957882112594519,5.154258352484909
,,2112,"(0.2765681619915157, 1.2910287258606392, 6.085096426619425, 6.2971767821287346)","(1, 2103)",0.21366411758294154,1.359762869964112
,,-2212,"(-0.05948896129063605, 0.350740236330524, 1.8142727839643675, 2.0732809692442666)","(1, 2103)",0.1936271193900139,1.7388071639907348
,,2212,"(-0.4552837390405952, 0.410852365853894, 1.8212975584229751, 2.138587931037678)","(2214, 90)",0.3247898832286951,2.407447936729791
,,22,"(-0.21772374926707974, -0.03813480884361797, 1.0663204826621122, 1.0889891029689933)","(111, 90)",0.2043958295028009,3.3149860611941584
,,22,"(-0.015767260755505136, -0.054820821034197595, 0.48489936897444824, 0.48824310231934015)","(111, 90)",0.11710108659625088,4.432333441012449
,,,,,,
,,-13,"(-1.5088219821473332, 0.5951436954697721, 6.685052514115547, 6.879813292826414)","(-13, 90)",0.23802478114385545,2.7658862831073807
,,39,"(-0.3907588189594898, -0.5048729604956336, 2.151835202053703, 2.248073134750734)","(39, 39)",0.28841695874173007,4.053719890476984
,,22,"(-0.12672050034442936, 0.14157970022342897, 0.5253228661756278, 0.5586295825051472)","(22, 22)",0.3470569311947198,2.3008682717878512
,,22,"(-0.6577030157228314, 0.4459095050441415, 3.2253689405586914, 3.3218087461954093)","(22, 22)",0.2415528696265399,2.5457985692346137
,,2112,"(2.18717769364684, 0.26017154483104227, 13.024985730317756, 13.243280581344152)","(1, 2101)",0.16752070744143907,0.11839674995912504
,,211,"(0.14662340080087055, -0.38651584868915456, 0.7844843832750421, 0.8976572037547145)","(223, 90)",0.48498234536212614,5.074964748877864
,,-211,"(-0.08156385428489345, -0.11153012959233861, 0.2154202227576813, 0.29150864379235836)","(223, 90)",0.5703121351274815,4.080952754999355
,,22,"(0.24027784075665196, -0.318048495313698, 1.2323981432573616, 1.2952580706693855)","(111, 90)",0.3128210793322012,5.359385198356654
,,22,"(0.1914892362546129, -0.12183701147755484, 0.5239766189010675, 0.5710200365330022)","(111, 90)",0.4087581733326642,5.716529597542859
,,,,,,
,,-13,"(-1.626968827363296, 1.167081609771753, 12.392475168013894, 12.553633413260096)","(-13, 90)",0.1601875261702515,2.5193269865933825
,,39,"(-0.12393527321038197, -0.005563165167414376, 0.26741165204208855, 0.3205445584572307)","(39, 39)",0.434376868913854,3.186450208038035
,,22,"(-0.036147115839335504, 0.0012446858651986707, 0.1903955149491139, 0.1938004523708436)","(22, 22)",0.18772844551007115,3.1071723617464797
,,22,"(-0.0006566373148913935, 0.00021751748606709055, 0.005398404104750928, 0.005442541069963956)","(22, 22)",0.12744104061599099,2.8217095203242706
,,-211,"(0.9897143166594684, -1.1664471040612792, 10.53668306563302, 10.648065696908118)","(1, 2101)",0.14417584931124588,5.416003571807666
,,2212,"(0.2929783680777791, 0.17612988425638998, 0.8463237605934227, 1.308996776518064)","(1, 2101)",0.3838790699669527,0.5412795477008212
,,211,"(0.752662020482231, 0.011445431498768158, 2.6658277984980674, 2.7735804929952264)","(113, 90)",0.2752047853370889,0.01520542965242551
,,-211,"(-0.24764685149157428, -0.1841088596494852, 1.464329257578112, 1.5029853607917778)","(113, 90)",0.20769611983464914,3.7808776638860317
,,,,,,
,,-13,"(-0.516729476903112, -0.23973802615647674, 6.010659538544053, 6.03851602609255)","(14, 2)",0.09448853691004576,3.575988858966939
,,39,"(-2.061068572936625, 0.8103130842416751, 15.26423139668811, 15.424565472324842)","(39, 39)",0.1440812496643885,2.7670036908827806
,,2112,"(1.6038381653764617, 0.3795981313479191, 3.9166820275066225, 4.351962946939501)","(3, 2101)",0.39830960231847135,0.2324044533569083
,,130,"(0.9739598844632753, -0.9501731894331175, 3.177271658673686, 3.492004847014427)","(-311, -311)",0.40462151091675813,5.51014880614324
,,,,,,
,,-13,"(-0.7406293996787836, 1.9444801523359554, 14.266584140954384, 14.417909767266135)","(14, 2)",0.14482690738509746,1.9347191696411439
,,39,"(0.8027432664219912, 0.7481549447809179, 2.353911379392151, 2.6001692784844024)","(39, 39)",0.43622163616810405,0.750214812867911
,,2112,"(-0.19699742068062426, -2.1942229349989137, 10.158004835865329, 10.436535646592382)","(1, 2103)",0.21357054996482583,4.622849004106925
,,211,"(-0.17735673707189017, -0.044974898851515455, 0.5366483984762117, 0.5839087618785793)","(223, 90)",0.3285899724917302,3.3899419986861963
,,-211,"(0.26239807376901575, -0.10391948299409226, 0.3577974313938376, 0.47660339368858656)","(223, 90)",0.6678678212842913,5.906099519585134
,,22,"(0.03280237183500638, -0.028844626476378463, 0.17181187548213037, 0.17727754688975977)","(111, 90)",0.24896142909854158,5.561899288492283
,,22,"(0.017039845405290938, -0.3206731537959742, 0.5240865598484489, 0.6146448975714963)","(111, 90)",0.5497300332875842,4.7654767874239
,,,,,,
,,-13,"(-1.1270918195768656, -1.4414384589390696, 16.55829546713566, 16.659423567855853)","(14, 2)",0.1100585645687633,4.048769091790044
,,39,"(0.27460970486682496, -0.46484258263330114, 3.3735596735471645, 3.4188072348665903)","(39, 39)",0.15869219131499673,5.245985544343837
,,-211,"(0.24357268652919398, 0.5456160486906887, 0.6210498269184315, 0.8730447861520639)","(1, 2101)",0.7660872481991272,1.1509253962593111
,,2212,"(0.4309837235074143, 0.5848366625629039, 1.188996216498292, 1.6798343631302717)","(1, 2101)",0.5484737738146395,0.9357125816270555
,,22,"(0.1641581928400038, 0.6728029306961187, 6.070071748121613, 6.109450279949414)","(111, 90)",0.11359971385941546,1.3314806730000293
,,22,"(0.013767511833423306, 0.1030253996226576, 0.5568716891913041, 0.5664890604171171)","(111, 90)",0.1845286349429205,1.4379511499313982
,,,,,,
,,-13,"(-0.4232835267519708, -0.7832682150374695, 8.926777904858806, 8.971689129644593)","(14, 2)",0.09940765457876108,4.2169407558497
,,39,"(-0.849505423105546, -1.0171507977757583, 10.511196058524217, 10.59515675729212)","(39, 39)",0.12541694456796018,4.016561035138704
,,-211,"(-0.420969736998239, 0.49286106548246383, 0.9238172241878074, 1.1371216284738153)","(1, 2101)",0.6118151621809165,2.2776859036193566
,,2212,"(1.1845315001183478, 0.018735641231022546, 3.964231538325831, 4.242516727295503)","(1, 2101)",0.290394251375275,0.015815602259066197
,,22,"(-0.16377809057976472, 0.423718771836872, 1.2865674552999842, 1.3644107437271147)","(111, 90)",0.33942182806006993,1.9396330211688686
,,22,"(-0.033230173532128204, 0.14316378715680103, 0.23991831453053952, 0.28135549049774755)","(111, 90)",0.5496200433129357,1.7988706072726632
,,22,"(0.01989090131650234, 0.002102978884014492, 0.023429528603432476, 0.03080605924081354)","(111, 90)",0.7066375260653182,0.10533436091887863
,,22,"(0.6863445495328006, 0.7198367682220543, 2.4929065970818574, 2.6839927561996144)","(111, 90)",0.3796206896819567,0.8092115131791959
,,,,,,
,,-13,"(2.1111244087168908, -0.1969789236661332, 11.576322846106176, 11.769369636404864)","(14, 2)",0.18114996474856648,6.190149450832202
,,39,"(0.14026461486130345, 0.11188586754340028, 4.204938123638144, 4.210646762044977)","(39, 39)",0.04264372331385447,0.6733229179594661
,,2212,"(-0.826030460248244, -0.5795770083612111, 1.5449360452853764, 2.0701241042026624)","(1, 2101)",0.5785872365327428,3.753419249476611
,,-211,"(-0.04725218580456249, 0.05785071065299677, 0.2909266075162182, 0.3312062041195205)","(-213, 90)",0.2513229570800238,2.255694706412286
,,22,"(-0.018574542443520456, 0.05954562391673113, 0.09713166644497975, 0.11543507084503365)","(111, 90)",0.5708539850988138,1.8731691073155197
,,22,"(0.10068576954836743, -0.011102074558324761, 0.10988845942373823, 0.14945351706657298)","(111, 90)",0.7447336206709557,6.173364366489172
,,22,"(-0.09800306787824005, 0.049207507709930126, 0.5454675692961755, 0.5563819275304039)","(111, 90)",0.19839928857992228,2.676265092575475
,,22,"(-1.362214536751999, 0.5091682967626062, 9.999233303701688, 10.104432070157312)","(111, 90)",0.14442483518489418,2.7838921639527507
,,,,,,
,,-13,"(-1.1776726053491076, -1.8346356442452345, 11.960344992834836, 12.157870582291713)","(14, -1)",0.18029728433726822,4.141721337160136
,,39,"(0.07080150796329054, -0.5769937716587253, 2.6154386425435296, 2.6822197673809334)","(39, 39)",0.21871007916715104,4.834486187301201
,,2112,"(-0.6929349603551248, 0.7735926849049457, 2.980447595370872, 3.2930934021179565)","(2212, 90)",0.33529985657603495,2.301250729099623
,,211,"(0.6124814590310652, -0.1232355581133065, 3.4855757547549913, 3.5438733989063644)","(2, -2)",0.1773571886394109,6.084629438391476
,,-211,"(1.1873245987098766, 1.7612722891123207, 7.327037635908249, 7.629992141674358)","(2, -2)",0.2821647055496199,0.977645320264278
,,,,,,
,,-13,"(-0.2166560582899012, -0.4535466860738216, 9.926685191200637, 9.939964153096541)","(14, 2)",0.05059177023600728,4.2667457258314165
,,39,"(-0.8655299329385738, 2.3072962248133737, 11.583443591309784, 11.84334295241266)","(39, 39)",0.20961789091366434,1.9296786471993879
,,2212,"(0.5185906714681454, -0.9165968661278091, 3.858064090523718, 4.1078090533784195)","(2114, 90)",0.2664769483546365,5.227265337851198
,,-211,"(0.620910579854338, -0.7844014102149683, 2.297514197906731, 2.5097543296118223)","(2114, 90)",0.41067207051917837,5.381970032277264
,,22,"(0.08044104308503891, -0.0094640384515213, 0.05671135966591358, 0.09887622439989073)","(111, 90)",0.9599522350837418,6.1660718256078715
,,22,"(-0.05249648015291913, 0.0038280727030849332, 0.007059102804661956, 0.05310711347336354)","(111, 90)",1.4374797826391223,3.0688009327691472
,,22,"(-0.01565431787494536, -0.008092562662321643, -0.02943401067097868, 0.03430609599987613)","(111, 90)",2.6021243731086687,3.6187113082014073
,,22,"(-0.010468130714239732, -0.09481321216782321, 0.14187501493193294, 0.1709609511677074)","(111, 90)",0.5919253408969194,4.60242641612877
,,22,"(-0.07704405445632487, -0.05637885138406072, 0.20352983188076218, 0.2248082598034743)","(111, 90)",0.43859656753686316,3.773326847840956
,,22,"(0.017906680019384204, 0.012169329565867748, 0.3233962518593147, 0.3241201590275626)","(111, 90)",0.06684736290032425,0.5969011674661716
,,,,,,
,,-13,"(0.41670241123963936, 0.3538463235545018, 1.3435749378233866, 1.454374700472022)","(14, 2)",0.3864209154252417,0.7040052283353971
,,39,"(0.6601529550392172, 2.192628951937952, 17.16530710122937, 17.317824356598468)","(39, 39)",0.1326170540646238,1.2783505777971467
,,2212,"(-0.8822371561847325, -0.5935300679643833, 2.3874602066309354, 2.776857427466695)","(1, 2101)",0.41899805967745,3.733798897380027
,,-211,"(0.16551032947016392, -1.3302311725839848, 4.565670417630058, 4.760434306762116)","(-213, 90)",0.28557642910236897,4.836175053721812
,,22,"(-0.2957781654022314, -0.5510989342232528, 2.317643915352201, 2.400555784979759)","(111, 90)",0.26358787935023015,4.219809467963456
,,22,"(-0.06435037416205078, -0.07161510072083527, 0.5891880427465281, 0.59700271609226)","(111, 90)",0.16197841211526706,3.98037072964627
,,,,,,
,,-13,"(-0.9630417515091325, 1.7712234899597297, 13.711651923708123, 13.859482117996457)","(14, 2)",0.14598986129786237,2.0688018227892475
,,39,"(-0.2280111317157292, 0.23312413622645617, 4.114428181775049, 4.129249825769641)","(39, 39)",0.07909038316385071,2.3451070818991493
,,211,"(0.9714146339563298, -0.7281575146321444, 3.0820116620291746, 3.315438949364565)","(1, 2103)",0.37524286217920894,5.639950064688231
,,-211,"(-0.1976123850552147, 0.002363969854712142, 0.4697414580829944, 0.5283872305635535)","(-213, 90)",0.39823426031031156,3.1296305637732122
,,2212,"(-0.11624344497656161, -0.47176166361908906, 1.8962162691947115, 2.1707276057164298)","(2114, 90)",0.2508357752951169,4.470798672113451
,,-211,"(0.20680535164264943, -0.35691834745800477, 0.45866826854284065, 0.6324678060488775)","(2114, 90)",0.732456135099219,5.2375380813635335
,,22,"(0.21710901687103856, -0.24953595111496446, 3.2109600483526655, 3.227951199789506)","(111, 90)",0.10264873667591985,5.428409152275312
,,22,"(0.10957971078661917, -0.20033811921669303, 1.4251668097269055, 1.4433445571222858)","(111, 90)",0.15887547984082936,5.212905877047637
,,,,,,
,,-13,"(-1.154581633542277, -2.1102248150349476, 12.480412076215813, 12.710545116015126)","(14, 2)",0.1904019225680222,4.211746667956521
,,39,"(0.21508061125395034, -0.17733532058780696, 6.4249430429255066, 6.432219641123777)","(39, 39)",0.043360057987493664,5.593679088978491
,,-211,"(-0.022026530498156165, -0.003726774675921557, 0.41055593165702015, 0.43420618928572985)","(1, 2101)",0.05435939717484442,3.309200134620246
,,211,"(-0.25734246659281335, 1.138438706206797, 2.9459813703687328, 3.1718376144376492)","(1, 2101)",0.3772158074933222,1.7931086096734192
,,2112,"(0.331608457773544, 0.4734975260387504, 1.8403180598819078, 2.1456296098952574)","(1, 2101)",0.30435439936691455,0.9598433439520555
,,22,"(0.12136886123256652, 0.05775589854369633, 0.6583841045792151, 0.6719641161967316)","(111, 90)",0.20138455349366013,0.4441586010126474
,,22,"(0.7658927003731847, 0.6215947795094346, 3.608250035784278, 3.7406470054170518)","(111, 90)",0.2668517205862486,0.6817712574448617
,,,,,,
,,-13,"(0.11973576202747338, -1.36954384415042, 3.8491313104684224, 4.088638266536545)","(14, 2)",0.3430419639817783,4.799594720258792
,,39,"(-0.3362834994854471, -0.4600783337208917, 10.39700122886625, 10.41336843388287)","(39, 39)",0.054756783048501914,4.0812070043620015
,,211,"(0.3557619193134256, -0.329826122061559, 1.6010236938927034, 1.6787222722456425)","(1, 2101)",0.2942185604798752,5.53559911537718
,,2112,"(-0.19218656663713768, 0.1677261526385665, 1.2974637420757786, 1.6221195040982612)","(1, 2101)",0.1941259944774046,2.4240522154360784
,,-211,"(-0.08904960603959212, 0.09482004980407199, 4.180228901813823, 4.184580520272044)","(-213, 90)",0.031107753462245178,2.3248214482774805
,,22,"(-0.040762459339624586, 0.2726658313732235, 0.7285126515167464, 0.7789344754918894)","(111, 90)",0.36178023907439155,1.7191933579236156
,,22,"(0.09656937208822185, 0.9002995997441068, 2.63411848499761, 2.7853985721851378)","(111, 90)",0.33109123771717414,1.4639412876207107
,,22,"(0.10392230728989654, 0.6124928635672319, 3.2823300267260738, 3.3406044001379196)","(111, 90)",0.1870572896345879,1.4027258973668595
,,22,"(-0.01770722921721672, 0.1114438028056729, 0.39903458105506096, 0.4146828475210045)","(111, 90)",0.27559118314590964,1.7283684381532822
,,,,,,
,,-13,"(1.1112949265818202, 1.159890730075062, 10.001627023222278, 10.130351922159994)","(14, 2)",0.15924774156280633,0.8067915661720628
,,39,"(0.807523156065699, -0.5861480509101069, 3.951089819429014, 4.077085094515429)","(39, 39)",0.24737281848252635,5.655314215374659
,,-211,"(-1.6400117374255294, -0.8662114828817198, 7.4949657228407105, 7.722302234659483)","(1, 2101)",0.24258777161845022,3.627524559536169
,,211,"(-0.9372971819773641, -0.1387779904111687, 5.052845596329828, 5.1428118518194905)","(1, 2101)",0.1853683687543393,3.2885866003735362
,,2112,"(0.658490836755372, 0.43124679412793265, 1.86831645959064, 2.2344981892169247)","(1, 2101)",0.39873929281897397,0.5798133684510909
,,,,,,
,,-13,"(-1.0649027787841467, -1.9184157248823461, 9.028997429431667, 9.292378352070138)","(14, 2)",0.23839150663016995,4.205642557669989
,,39,"(0.329973485964533, -0.23415311494183208, 5.398235849240218, 5.414841584779288)","(39, 39)",0.07481259066610774,5.666037485483665
,,130,"(0.4532055793680646, 1.1155643706150835, 10.84758800302806, 10.925550803400915)","(311, 311)",0.11054992368850403,1.184907845342547
,,2112,"(-0.17298535798768117, 0.7958864948602542, 1.498668544922579, 1.9473465123648195)","(3122, 90)",0.4978094111953575,1.7848168837078429
,,22,"(0.21947938368472192, 0.04965507213383813, 0.539240735795851, 0.5843093334808994)","(111, 90)",0.39533241151444737,0.22249462263686767
,,22,"(0.14491566785093044, 0.04959508296818151, 0.7658754619219338, 0.7810412576922153)","(111, 90)",0.1973857818165627,0.32973973979457916
,,22,"(0.03988516867367985, 0.07011541325224893, 0.02851957695090688, 0.08555912648642594)","(111, 90)",1.2309610522054963,1.053596047073753
,,22,"(0.05042885122989764, 0.07175240599457228, 0.26171902012125153, 0.2760223220966108)","(111, 90)",0.3233363490205295,0.9581818815106941
,,,,,,
,,-13,"(1.0180548651252823, -1.8197010874000508, 7.246054417032863, 7.540836585292885)","(14, 2)",0.28019005013286324,5.222468172277362
,,39,"(-0.368093632815462, -0.01953470992786538, 13.231657709340737, 13.237389817714204)","(39, 39)",0.027851106475903657,3.1946128631361077
,,2112,"(0.15115294067869534, 0.1084797325426913, 1.2389183495112062, 1.5659902699263248)","(1, 2101)",0.14905846910466053,0.6224947139825749
,,211,"(-0.17611384394174864, 0.5033683468579591, 3.1326313253757254, 3.1807632078279147)","(113, 90)",0.16861985469726007,1.9073559665096416
,,-211,"(-0.625000329046764, 1.227387717927263, 3.519582820151951, 3.782069411610002)","(113, 90)",0.37301892969983547,2.041786202098483
,,,,,,
,,-13,"(2.4042845078352997, -0.9446347938967303, 16.649447220877345, 16.84898144354244)","(14, 2)",0.15392498371783542,5.908817659379124
,,39,"(0.003932285347092321, 0.03049427351246406, 0.21709718147557427, 0.2528348697193335)","(39, 39)",0.14069104978314848,1.4425524375007404
,,2112,"(-1.2748935150767564, 1.0561486376105236, 7.64441044296774, 7.877855433109036)","(2114, 90)",0.21327471246504132,2.4497604362409726
,,22,"(0.025958220962570406, 0.009857544432326469, -0.003831172050055319, 0.028029953568531833)","(111, 90)",1.7079068758484537,0.36292550732416
,,22,"(0.01702128389676436, -0.25226066544628045, -0.006307799574369363, 0.25291294109310614)","(111, 90)",1.5957395095115772,4.779761839676239
,,22,"(-0.924507184799563, 0.024146227756331823, 3.052132342553961, 3.189170489566967)","(111, 90)",0.2942147196390344,3.1154806449723145
,,22,"(-0.25179559816540675, 0.0762487760313648, 0.8158964051622869, 0.857264161771912)","(111, 90)",0.31192539546154646,2.8475505953313407
,,,,,,
,,-13,"(-1.653630786764248, -0.02014896372741097, 4.657971340487444, 4.943962156416273)","(14, 2)",0.34115531840010804,3.1537767316978593
,,39,"(-0.19178785746031246, 0.03438730195802337, 11.454569845577042, 11.456918623153623)","(39, 39)",0.01700871202518198,2.9641791476948094
,,-211,"(1.6407474610024426, -0.31413223645839905, 7.405986219871294, 7.593342015647117)","(1, 2101)",0.2218543263377497,6.094017708178815
,,211,"(0.5632655559230375, 0.16926541577410137, 3.8185888711850273, 3.866137558275004)","(1, 2101)",0.15282161144583312,0.29192214944777073
,,2112,"(-0.35859437270092087, 0.13062848245368566, 1.0317283442916652, 1.4466889388793085)","(1, 2101)",0.35430027718239326,2.792253979001002
,,,,,,
,,-13,"(-0.9800130007625235, -1.0541430195639336, 17.91140956549294, 17.96945741100134)","(14, 2)",0.0801854366423088,3.9634173386814493
,,39,"(-0.37282598846522824, -0.9695379740915991, 5.880063797996876, 5.972436880449253)","(39, 39)",0.174852366587429,4.345280947801974
,,2112,"(0.6528736664536157, 0.8807990442971563, 2.567675327038795, 2.9458104743460933)","(1, 2101)",0.4035580070506851,0.9329324252889846
,,22,"(0.6144306930362131, 0.9499456771910733, 1.7619460987707551, 2.093890140655057)","(111, 90)",0.5707978294141983,0.9966696309205195
,,22,"(0.08553462973792222, 0.19293627216730283, 0.24774983211311497, 0.3254543859195874)","(111, 90)",0.7055687273293856,1.1535021680304562
,,,,,,
,,-13,"(-1.2636041586625624, -0.14514398100176737, 12.252712373713095, 12.31900510567117)","(14, 2)",0.10343615928400687,3.2559565101519343
,,39,"(-1.1789879290344618, 0.016829742803177623, 4.237912017562153, 4.400686647241059)","(39, 39)",0.27136526770380404,3.127318885888873
,,-211,"(1.165090548408477, -0.5946957447183406, 4.423780584581364, 4.615237096856012)","(1, 2101)",0.287502595741366,5.811229525489094
,,211,"(0.10976158286906634, 0.5380454395481048, 2.2365687665910046, 2.307219134083897)","(1, 2101)",0.24075973798683573,1.369557029474007
,,2112,"(0.5956603892625413, 0.4014196401986565, 3.291176277699208, 3.497224914509165)","(1, 2101)",0.21487952488519335,0.5929983299679661
,,211,"(0.07268968962160928, 0.027872601917872823, 0.5888941049278179, 0.6101940057339912)","(223, 90)",0.1314353654806966,0.3661551182628994
,,-211,"(0.20471808092898647, 0.04062534842185095, 0.14712429555640585, 0.2910073106239989)","(223, 90)",0.956774816427708,0.19590024498624936
,,22,"(0.17737347401686437, -0.2547247392767651, 0.8487708245089032, 0.9037466208080398)","(111, 90)",0.3505935630162181,5.320650242556791
,,22,"(0.11729832258948364, -0.030228307892788818, 0.3419053762725316, 0.36272845684399957)","(111, 90)",0.340483847278704,6.030968579326934
,,,,,,
,,-13,"(-0.2706824095999773, -0.4441603123992228, 2.7278068914343963, 2.7789641635930478)","(14, 2)",0.18841939061857751,4.1650681210496225
,,39,"(2.8087260881148786, 0.3366758576783776, 13.109281648212662, 13.411614635267528)","(39, 39)",0.21252971425246556,0.11929861492009251
,,-211,"(-1.8907696542599677, 0.4710405297328839, 9.925149483404931, 10.11558011776658)","(1, 2101)",0.1938599838891021,2.8974364245988866
,,211,"(-0.33852661037452914, 0.09107767642599245, 0.46756483797037063, 0.6008261576205567)","(1, 2101)",0.6433516012864823,2.878774491876864
,,2112,"(-0.30874741388040805, -0.45463375143802576, 2.1390417603901133, 2.400064218123608)","(1, 2101)",0.25148002843841805,4.115819526598148
,,,,,,
,,-13,"(1.81462902129062, 0.6105408994487571, 14.70003614644157, 14.824569653689737)","(14, 2)",0.12951455774334025,0.3245573649710074
,,39,"(0.09427315055538105, -0.06181179787482487, 1.3150769609870756, 1.3258900633715482)","(39, 39)",0.08551241857072678,5.702836535476337
,,2112,"(0.23968820876812322, -0.23996260117678256, 1.3994711453595656, 1.719402151615501)","(1, 2101)",0.2377675351457511,5.497215076826266
,,22,"(-0.0016262783396926717, 0.03570119332046014, 0.2951695355530208, 0.2973252002510531)","(111, 90)",0.12049041085667282,1.6163173508389295
,,22,"(0.18181427613910597, 0.0890737422052508, 0.5450399582459797, 0.581428515505744)","(111, 90)",0.35566466156835264,0.45554800007912893
,,211,"(-1.5222388203731512, 0.2713119159534002, 4.706922023033035, 4.9563510668437045)","(310, 90)",0.31739506401884204,2.9652125993020455
,,-211,"(-0.6590519586360382, -0.1252933459669618, 2.393407557244905, 2.4895637020776586)","(310, 90)",0.27328065836516124,3.3294621976693755
,,211,"(-0.24341461704543305, -0.2350459768533945, 1.8876297289430453, 1.9227904372333284)","(310, 90)",0.17737502865686938,3.909501838671345
,,-211,"(0.09592701764108123, -0.3445140290559032, 1.126091565604273, 1.189728501783044)","(310, 90)",0.3075026638678839,4.98395194223084
,,,,,,
,,-13,"(-1.553622594047622, 0.3415516408598847, 12.256990732238773, 12.360234080869848)","(14, 2)",0.129059541979419,2.9251929719302248
,,39,"(-0.22787799820036117, 0.8764878359281094, 7.044792149040108, 7.103879549466415)","(39, 39)",0.12785141369471476,1.825154939158365
,,-211,"(0.8899036140518954, -0.48147945769382683, 6.531111840798507, 6.610495637424037)","(1, 2101)",0.153699061385887,5.787241969913737
,,2212,"(0.18984251070500116, -0.23832450961107526, 1.9416081486330614, 2.1778502121336176)","(1, 2101)",0.15565943844607003,5.385035871115319
,,22,"(0.48062037571383276, -0.28326214645429587, 0.43514510263726874, 0.7075200700435287)","(111, 90)",0.9083740457338015,5.750620324783573
,,22,"(0.22113409177725213, -0.21497336302879627, 0.1591966480647565, 0.3470697424338727)","(111, 90)",1.0942784288507854,5.5119128343992125
,,,,,,
,,-13,"(1.3964820355776302, -2.2395480270894317, 14.269258182282295, 14.51167221754824)","(14, 2)",0.18289487587631603,5.269948733687947
,,39,"(-0.012379284487372716, 0.42301799124195205, 2.446784066162877, 2.486302205200242)","(39, 39)",0.17126691734030744,1.6000521804740826
,,-211,"(0.1261921471322826, 0.0013477248161112357, 1.686700998446484, 1.697164198721032)","(1, 2101)",0.07468107325661348,0.010679536003025375
,,211,"(-1.7591170411942405, 1.2724544428388354, 6.351502752080829, 6.713769438125696)","(1, 2101)",0.32937177665547523,2.51536790422005
,,2112,"(0.13398790844662076, 0.0685361945933448, 2.448730378894467, 2.62711290640503)","(1, 2101)",0.06138283037074781,0.47281338691372654
,,22,"(0.04676618499446429, 0.3590747449199488, 0.7262369099302807, 0.8115058828149955)","(111, 90)",0.46253321076236026,1.441284523832818
,,22,"(0.06806804953061313, 0.11511692867924257, 0.4396313336152571, 0.45952244355610466)","(111, 90)",0.2953046704005783,1.036802245151658
,,,,,,
,,-13,"(0.07590732811818257, 1.9569508445942552, 4.469433571511723, 4.880821551375982)","(14, 2)",0.4129821901253751,1.5320271907262228
,,39,"(-0.9975112581618741, 0.12653647727904624, 4.057417711104666, 4.182048253449971)","(39, 39)",0.2429248465554871,3.0154143921619783
,,2112,"(0.4589183589573965, -1.4517551231199706, 19.00888456141977, 19.092896141025232)","(1, 2101)",0.07992682140065917,5.018561820313337
,,22,"(0.41764119671649497, -0.4997626440432702, 0.7268995806321776, 0.9759968595744264)","(111, 90)",0.7305963878288844,5.408510047471544
,,22,"(0.045044374369802805, -0.13196955471007163, 0.10620919674418108, 0.17528648694575896)","(111, 90)",0.9198773068707631,5.04131380017144
,,,,,,
,,-13,"(-2.0974092295069884, 0.3498402085461119, 14.054725043480962, 14.215061509926281)","(14, 2)",0.15015450497692773,2.9763177983133553
,,39,"(0.0377409380968233, -1.6737846790054436, 7.2397591786379705, 7.431886800558172)","(39, 39)",0.227257333695231,4.734933423756232
,,-211,"(0.46602532516025846, 0.592636494308997, 1.5917941469617198, 1.766829366203531)","(1, 2103)",0.44232996218625087,0.9044282933947644
,,2112,"(1.1729701195633009, 0.804372346526923, 4.125405912909734, 4.463702443534533)","(2214, 90)",0.3319996535660154,0.6011027354632387
,,211,"(0.4206728466866041, -0.07306437037658883, 1.357160339422091, 1.4295691721488064)","(2214, 90)",0.30480234531356815,6.111216295152614
,,,,,,
,,-13,"(-0.5374316611146472, -1.1099956872884031, 5.6286546266305875, 5.7631449884292545)","(14, 2)",0.21569490092399524,4.261481695859688
,,39,"(-1.0747877897366294, -1.4286688112798525, 11.559122720083293, 11.697240287554699)","(39, 39)",0.15345065887632434,4.067417387325737
,,2112,"(0.1693761728128796, 1.9211837098200832, 5.516442107799913, 5.91891547907239)","(1, 2101)",0.33633254581841276,1.4828612815577933
,,22,"(1.2528075318166054, 0.7034032669939211, 5.2622032963844525, 5.454822306938469)","(223, 90)",0.2665388964836821,0.5116002631112622
,,22,"(0.08519151280549281, 0.02706839917990997, 0.1949082304580609, 0.2144283339219516)","(111, 90)",0.4299975481998894,0.30764777504228363
,,22,"(0.10484423341630539, -0.11299087742564483, 0.20751364005614253, 0.2584978964545362)","(111, 90)",0.6388747752314167,5.46040635092084
,,,,,,
,,-13,"(1.0092938630573023, 0.6105843065846318, 1.9352864302650987, 2.268917120615206)","(14, 2)",0.5473966707682112,0.5440599515788336
,,39,"(1.409977687687755, -1.1214331910082138, 14.917178648291454, 15.02610119852355)","(39, 39)",0.1201893104755818,5.611282938379009
,,2112,"(-1.049014057749301, -0.7013205627551072, 4.928093414284676, 5.173120674207669)","(1, 2101)",0.2506680271104516,3.7308994291012136
,,22,"(-1.3086262362940018, 1.118523675941582, 6.232102877298437, 6.465501072089488)","(111, 90)",0.26951184081886076,2.4343582874647445
,,22,"(-0.061631256701763906, 0.09364577123710953, 0.35618325127284856, 0.37340922693544765)","(111, 90)",0.3049286645314602,2.1528668539720166
,,,,,,
,,-13,"(2.4191992272944516, 0.9883567721316434, 10.18367698458926, 10.514172101141087)","(-13, 90)",0.2511968936437406,0.38785276231650295
,,39,"(0.40658379477062323, -0.544406188345852, 10.167905063541758, 10.191360595270572)","(39, 39)",0.06672641819512053,5.353864003087634
,,22,"(2.166560561982951e-08, 2.4417219965501204e-09, 1.0095492073645581e-07, 1.0328241134910873e-07)","(22, 22)",0.21269865779959907,0.11222683412292718
,,-211,"(-1.1563802853340166, -0.21280064068649623, 2.8662852652818875, 3.1012208054019346)","(1, 2101)",0.3892825217777769,3.323579646023969
,,2212,"(-1.669402758396666, -0.23114994554101823, 5.150977207044649, 5.5002956872753215)","(1, 2101)",0.31620813515977997,3.2791804899146935
,,,,,,
