ievent,iparticle,truth_energy,pid,px,py,pz,e,parent_pid
0,0,17.900778,13,1.1719077509772795,1.0305394260826015,4.768049211561042,5.0180510763621315,5
0,1,17.900778,2212,0.4365939710523943,0.10518130536962744,1.7118181437116335,2.003084958906861,21
0,2,17.900778,211,-0.179033451630668,-0.06051843408103634,0.5061091306274814,0.5579800127880179,21
0,3,17.900778,22,-0.6222349092254937,-0.42938138059025405,4.662380911814252,4.723276449574633,19
0,4,17.900778,22,-0.739443039164923,-0.5775645422351702,4.974889051027339,5.0625959624137975,19
0,5,17.900778,211,0.02508578849863904,0.17271099723289798,0.2506268990273538,0.3357856649201209,20
0,6,17.900778,-211,-0.032617725885491694,-0.15455613017445305,0.1756532643962731,0.27438179168725896,20
0,7,17.900778,22,-0.06317941758082182,-0.12083079717680281,0.7510169122276532,0.7632942570229331,28
0,8,17.900778,22,0.002921032959081164,0.03441955557259066,0.16255300475214238,0.16618278368505165,28
1,0,17.900778,13,0.575222544224383,0.1757554776683117,3.28200899410768,3.3383406111896514,3
1,1,17.900778,321,0.04454544390621628,0.34724845386391745,0.5497807744696176,0.817645783735289,10
1,2,17.900778,-211,-0.07814418115487333,-0.24381445038257366,0.17693972750380493,0.3410856949988414,10
1,3,17.900778,2112,-0.25632869049238205,-0.1629139594681746,2.21463167495092,2.4247949596522695,12
1,4,17.900778,211,-0.3579759304969834,-0.032065123044266224,0.8784851772520932,0.959370069619991,12
1,5,17.900778,-321,-0.1558943126775452,-0.465028324209859,9.371165857688602,9.396968865211333,11
1,6,17.900778,211,0.2001892688670812,0.0654704302863603,0.34547806162211125,0.4280151826437807,11
1,7,17.900778,211,0.028385857824104133,0.31534749528628647,1.1170843640206443,1.1694473314122154,11
2,0,17.900778,13,-0.7187040357987019,-0.372544645410788,1.3788292466798724,1.6023916908787863,3
2,1,17.900778,211,1.3769181448375245,0.15340924804370054,12.66096360619629,12.73730415736765,8
2,2,17.900778,2112,-0.05821989026001899,0.20653448431359228,3.0951190985735453,3.2416970969057717,8
2,3,17.900778,211,-0.6938769455056144,0.09202259277714948,0.31855474235280146,0.7815947043456027,12
2,4,17.900778,22,-0.0020661349023722055,-0.051997571539717805,0.053907596331466676,0.07492693308616888,14
2,5,17.900778,22,0.09594886162917513,-0.027424108183937465,0.45310296784194115,0.46396181440372236,14
3,0,17.900778,13,1.8663393501159296,-1.1574183260600472,12.467535099054746,12.65991450338638,3
3,1,17.900778,2212,-1.1959007791030396,0.5887698762465471,3.2574623206560664,3.642559540217378,11
3,2,17.900778,211,-0.3093693548556763,0.10017406275379939,0.07276369807803479,0.36127355456829513,11
3,3,17.900778,22,-0.016070565693155712,0.07751269860605342,0.20070758978306827,0.21575453210400777,10
3,4,17.900778,22,-0.344998650464058,0.39096168845364593,2.0535337446033703,2.1186967576520446,10
4,0,17.900778,13,0.4213783158214162,-0.2108043920699881,11.121066180987077,11.13154415228431,3
4,1,17.900778,211,0.47255061804128395,-0.03328585976937722,-0.1309871856626894,0.5109299979249775,2
4,2,17.900778,2212,-0.3930169628879702,-0.3470727582140213,2.5693410124527594,2.7851006559519083,11
4,3,17.900778,22,-0.48317934633258985,0.5518795619181562,3.8921887477728743,3.9607027886317274,13
4,4,17.900778,22,-0.017732624642140205,0.03928344813523017,0.45728706875525926,0.45931372560034556,13
5,0,17.900778,13,0.14602883465615563,-0.5250962776956392,1.5768464769001556,1.6717234725615608,3
5,1,17.900778,211,-0.8434537961443207,0.886370874250939,0.8218608829602024,1.4805413634177063,8
5,2,17.900778,211,-0.07441724365826952,-0.330294041344073,3.6409535844828103,3.6593243733180207,10
5,3,17.900778,211,0.003243953904252861,-0.020875259945285073,1.2218314993974955,1.2299586568395902,13
5,4,17.900778,-211,0.23795415318505078,0.16726906381394857,2.1808324129559162,2.204565924853765,13
5,5,17.900778,2112,0.3427540465048538,-0.14345041067309944,4.655796823716914,4.76416773480429,14
5,6,17.900778,22,0.006010133608860362,-0.022774613143776868,0.10704596741523002,0.10960676917831101,17
5,7,17.900778,22,0.2121066115673589,0.09288328601967624,2.8234298599750334,2.83290887493598,17
5,8,17.900778,22,-0.013144263541226515,-0.05838634575895832,0.8366041029703344,0.8387420116710048,19
5,9,17.900778,22,-0.017082430082714192,-0.04564627552373893,0.07711958911960107,0.09122950680945285,19
6,0,17.900778,13,0.5112758377801442,1.5226542299914512,12.658950089333688,12.760880074910586,3
6,1,17.900778,2212,-0.7059839693360803,-1.3589217042939516,3.1275393179255047,3.6065127674015836,10
6,2,17.900778,211,-0.05988968907944767,-0.326738602706584,1.2144712138034524,1.266793196782298,10
6,3,17.900778,211,0.34718364462896834,0.10882176183927186,0.5476766990801607,0.6721668026338388,11
6,4,17.900778,-211,0.08515967322967999,-0.07914705733930225,0.18482663337767602,0.2591468617131656,11
6,5,17.900778,22,-0.08132731066462451,0.05636334957371255,0.2082321131606601,0.23054624609058996,16
6,6,17.900778,22,-0.09641818655864176,0.07696802293540389,0.04208013747075202,0.13035060883401856,16
7,0,17.900778,13,0.689018400216868,0.8945239934471518,14.634116850954095,14.67799235500784,3
7,1,17.900778,2212,-0.535805734684744,-0.8153380247563272,1.2193226111423408,1.8218018835421113,11
7,2,17.900778,211,0.017374557531125823,-0.0688294932992996,-0.054180139853023807,0.1656944382039843,11
7,3,17.900778,22,-0.002303796979372853,-0.09817719345466511,0.27627470636838974,0.2932094510313351,14
7,4,17.900778,22,0.005437918645029672,0.03873865049792899,0.2624056769944347,0.2653054717123231,14
7,5,17.900778,22,-0.1144721776641113,0.010077417757797004,0.40319126621281853,0.41924769642554394,15
7,6,17.900778,22,-0.03471490376985931,-0.07267639549441104,0.11745420168066331,0.14241654573206236,15
7,7,17.900778,22,-0.03927041166890895,-0.004960595714637493,0.10489016961138004,0.11211030471635394,16
7,8,17.900778,22,0.01473614837397217,0.11664164101646153,0.9938279645898188,1.0007579376096174,16
8,0,17.900778,13,-0.5502437081849069,1.2360572404284353,5.773666676554303,5.931019858975878,3
8,1,17.900778,211,0.5512325038538811,-0.831849372503518,4.883830251227579,4.98669312867206,10
8,2,17.900778,-211,-0.28816205665630135,-0.0033718495961527484,0.22554975261829713,0.39166467299497887,10
8,3,17.900778,2212,0.21705345142949153,-0.5116816499587037,4.58473690760372,4.712652482045079,11
8,4,17.900778,211,-0.011149010703870421,-0.042087280512472985,2.249339364317433,2.254085845833864,11
8,5,17.900778,22,-0.013817131748381704,-0.044078994059903356,0.17460045006329034,0.18060782931365058,17
8,6,17.900778,22,-0.011446885084241649,-0.045301363610894596,-0.01404766381237238,0.04879120393804368,17
8,7,17.900778,22,0.03934282262957157,0.029907766128528822,0.07711191346894199,0.09158918804150586,18
8,8,17.900778,22,-0.009687123236772992,0.11627533138883123,-0.0180584708492723,0.1180673596537205,18
8,9,17.900778,22,0.04272841034044284,-0.017727552710668955,0.042831678838052896,0.06304392030495035,19
8,10,17.900778,22,0.034148727361087504,0.11385772500651886,-0.0217603765853814,0.12084382943774828,19
10,0,17.900778,13,-0.24631440474104116,-1.7173750967552994,6.5917552645231,6.817070449387054,3
10,1,17.900778,2112,0.1306706980608627,0.33317373715612136,3.584992470240013,3.723310672914615,11
10,2,17.900778,211,0.2817514827495831,0.5796561998113513,1.9702300964089627,2.077660132386189,11
10,3,17.900778,211,-0.19534835904942854,0.22070142315633465,0.14038252133391366,0.355045260160733,12
10,4,17.900778,22,-0.23492678628165717,0.6029831634739046,3.940382733543104,3.993168588621101,10
10,5,17.900778,22,-0.13213336451015822,0.14504745433091124,1.3224068754985905,1.3368836652418918,10
10,6,17.900778,22,0.17957912469113596,-0.11272418831174302,0.29395225508453954,0.36244079919989963,16
10,7,17.900778,22,0.2167216090807032,-0.05146269286158133,0.14374701542446824,0.26510350628110685,16
11,0,17.900778,13,-0.4726777601829071,0.5438401658497543,16.61241265358634,16.628367466459192,3
11,1,17.900778,2212,0.025700761442404713,-0.34069202092475503,0.3752278501012133,1.0667136985396275,8
11,2,17.900778,211,0.26483298950739925,-0.3289739962131761,0.5343799310670292,0.6952712406989776,11
11,3,17.900778,22,0.006773837188126602,0.03690002696146956,0.18007106773195433,0.1839377239560567,13
11,4,17.900778,22,0.17537017204497585,0.08892582432670805,0.24738622389813283,0.3160101948511252,13
12,0,17.900778,13,0.2046195345154837,1.1519636872318835,11.194683005360204,11.256153033639283,3
12,1,17.900778,211,-0.42881782883952774,0.6658112392662585,0.3875343523840174,0.8926656685689309,8
12,2,17.900778,2212,0.09866364008648329,-1.6776501953288236,6.034993119975548,6.334487922698578,10
12,3,17.900778,22,0.02878939795902694,-0.1052736684105867,0.08585476788465532,0.13886113878257453,13
12,4,17.900778,22,0.09674525627853353,-0.034851062758732385,0.23789342731840002,0.25916698082338163,13
13,0,17.900778,13,0.5604781308331401,0.4638024089172548,2.2320802303427323,2.3500201275620016,3
13,1,17.900778,211,-0.12460985406988848,-0.11360701053707509,1.8609906115862147,1.8738196310975404,8
13,2,17.900778,-211,0.03200027233334827,-0.27246784773613386,0.25660681642881783,0.40073630808438404,8
13,3,17.900778,2212,0.2524228490918974,0.600609484579742,1.4910432983340431,1.8782996986949863,8
13,4,17.900778,211,0.018280864697398175,-0.07991598098678888,-0.04753220281479047,0.1687004719483376,8
13,5,17.900778,211,-0.005509812176439956,0.01146260047115416,0.8492206526055663,0.8607074130920481,11
13,6,17.900778,-211,-0.1485314295581557,-0.22047653443715928,5.130467483262942,5.139245846378863,11
13,7,17.900778,22,-0.27003988901122755,-0.15909554487534827,2.1949395210802045,2.2172037423872837,17
13,8,17.900778,22,-0.3144911321400692,-0.23031157539564318,3.96644428700992,3.985552455546106,17
14,0,17.900778,13,1.1933589449814535,-0.3673439466175128,3.7950237003531777,3.9965505212027663,3
14,1,17.900778,211,-0.773302216438821,-0.26632242699812864,4.7566857624991785,4.828505274009107,8
14,2,17.900778,2212,0.2113225113032716,0.37573975077114424,1.2192023582610727,1.5976991416979747,8
14,3,17.900778,211,-0.026748279068383396,0.16739843348271727,1.9808802707465252,1.9930138328417124,11
14,4,17.900778,-211,0.1527881196853097,-0.18417716805328038,1.7734574796499822,1.7949642491636337,12
14,5,17.900778,211,-0.20619379418052336,0.11516070459437092,0.882055367206762,0.9237311970262168,10
14,6,17.900778,-211,-0.1417968660053796,0.040002390034162574,1.5170798037472824,1.530593825368208,10
14,7,17.900778,22,-0.07021125989966384,0.012290628264349873,0.16099341596400552,0.17606692063982332,16
14,8,17.900778,22,-0.20884981723370977,-0.07892380522069685,0.15660441706767186,0.27271258979770946,16
14,9,17.900778,22,-0.0742304066405421,0.015499278935553789,0.17534673389552596,0.19104150859268984,18
14,10,17.900778,22,0.027370360675520254,-0.05039932633217377,0.04072473178932549,0.07034012025549516,18
14,11,17.900778,22,0.03321886426532457,0.04173756413024938,0.43218513382948776,0.43546470247979563,21
14,12,17.900778,22,-0.11672616144385722,0.17933792300924445,1.0734016580473438,1.0945219079093274,21
15,0,17.900778,13,1.228636972312875,0.4492488550714409,10.864173011199577,10.94316191036185,3
15,1,17.900778,2212,-1.5485261300373996,0.22448242892965106,4.426459841720612,4.787715829032883,10
15,2,17.900778,211,-0.5345034707885958,-0.2483133650124807,0.9817231043726148,1.1535222260918427,10
15,3,17.900778,211,0.49902488371088227,-0.11835926101000567,0.7026226236513994,0.8810182094578238,11
15,4,17.900778,-211,0.11355028955425991,-0.06806568917607467,0.2758821866981209,0.33632926149564674,11
15,5,17.900778,22,0.12564361792072445,-0.04433113938900862,0.32966406097527745,0.3555699111882895,16
15,6,17.900778,22,0.11617383732725596,-0.19466182941352192,0.3691925327417563,0.43323517232818437,16
16,0,17.900778,13,0.5182937111350969,-0.9351449520261877,8.074997693742517,8.146157145663791,3
16,1,17.900778,211,0.1400870090702843,0.01594996669001625,1.6769255990224328,1.6886201529960534,8
16,2,17.900778,130,0.047440735837407697,0.4000621584727301,0.16821154929050364,0.6619752196822514,10
16,3,17.900778,211,-0.42016331123182604,0.21098652838393972,1.9153731746268283,1.9771663324679722,11
16,4,17.900778,211,0.1461172625194017,0.17405440629220492,0.5789079869930474,0.637384839057408,14
16,5,17.900778,-211,-0.40301883677672146,-0.0062463169323632994,2.043123005870048,2.0871738311141073,14
16,6,17.900778,22,-0.05535876018404604,-0.040612940292050675,0.25521283564563974,0.26428695527128965,16
16,7,17.900778,2112,0.0548412246624328,0.12190352395752765,3.0228249934775975,3.1683009256016965,19
16,8,17.900778,22,0.03812203391668954,0.05482285659648382,0.049923508510251076,0.08337380750161856,22
16,9,17.900778,22,-0.06636106894871935,0.0042247688576989295,0.17285383289944864,0.1852028285203769,22
17,0,17.900778,13,-0.69087810274332,0.4533632718643935,9.980972139650934,10.015678693788752,3
17,1,17.900778,211,-0.15057485133346799,0.5387337657411841,0.187633469343101,0.6062944498521333,2
17,2,17.900778,211,1.2733270288942804,-0.6349786347687256,6.0351878359853055,6.202219892074975,8
17,3,17.900778,2112,-0.4318740748174988,-0.35711840283685287,1.7169544964754813,2.0358716310248033,8
18,0,17.900778,13,-0.7602354774242523,-0.2044425323474018,13.121885401813957,13.145904125015718,3
18,1,17.900778,321,0.5040414831337579,0.039114467695266886,-0.0539422566102744,0.7086730330349614,8
18,2,17.900778,2212,0.21610257447011522,-0.05715858372071295,3.8166200323975863,3.9366110413633857,10
18,3,17.900778,22,-0.03980252045444574,0.058278729547325964,0.44008706462104225,0.4457098556224018,13
18,4,17.900778,22,0.07989394027482387,0.164207918825522,0.5989624891276621,0.6261815596771042,13
19,0,17.900778,13,1.429311926565895,0.023385956462669492,15.900315608253912,15.964795017915709,3
19,1,17.900778,211,-0.21316470736095305,0.2793503792742615,0.37569386437168856,0.5330117179682705,8
19,2,17.900778,2212,-0.8137019487259749,-0.31267250801441,1.5338469912750798,1.9982272503827196,10
19,3,17.900778,22,-0.10590519891163963,0.05712764044826038,0.03390468322755918,0.12501602299089828,13
19,4,17.900778,22,-0.2965400715673288,-0.047191468170781264,0.184995300591706,0.35268443395518045,13
20,0,17.900778,13,0.5049827731833308,-2.0102817325027105,6.8295228343559735,7.137911909363667,3
20,1,17.900778,211,-0.2656342361588681,0.31056194149959837,2.4522702732890416,2.490003924712734,8
20,2,17.900778,-211,0.3110549245624403,0.08198560659702556,0.8013291073168085,0.8746913335095886,8
20,3,17.900778,2212,-0.33328828164698154,0.9715432482033074,3.4343792106044453,3.7054403944665815,12
20,4,17.900778,211,-0.18329644307586582,0.6589498977124079,2.7634847995568497,2.850287805822637,12
20,5,17.900778,211,-0.12690158465268336,-0.12204800895074851,0.21311364976160518,0.30967231276127394,13
20,6,17.900778,-211,0.005718026830259683,-0.12122659778024915,0.715029678497335,0.7385633418145042,13
20,7,17.900778,22,0.030878575438295273,0.020545774615443175,0.030385067720609643,0.047946507860668126,18
20,8,17.900778,22,0.05648624552007218,0.20996987060592642,0.7827951007929983,0.8124322816830606,18
21,0,17.900778,13,-0.4778544471783338,0.4141113900433713,11.43668988407553,11.454644152315135,3
21,1,17.900778,211,0.001919205403771598,0.019479203768825976,3.3686436755885323,3.3715905920961795,11
21,2,17.900778,2112,0.22812009452825152,-0.04340772403788014,2.95701729534632,3.111376878153946,11
21,3,17.900778,211,0.012204487611950005,0.13317532191658746,0.2517868841118653,0.3174287885435384,9
21,4,17.900778,22,0.05182123348844079,-0.2691381501186699,-0.023199475716240748,0.27506181080453806,16
21,5,17.900778,22,0.1837894261459194,-0.2542200415722341,-0.07683414666622482,0.32297038377219905,16
22,0,17.900778,13,0.41226286599635253,0.28280745905193516,17.48756554102679,17.495029388854494,3
22,1,17.900778,2212,-0.47487315715231715,-0.18944435165658147,0.5530650814136606,1.2031729946011465,8
22,2,17.900778,211,0.06261029115596703,-0.09336310739535292,-0.0851528516678409,0.19841247800558426,8
24,0,17.900778,13,-0.2788702793271069,-0.5235561097392107,7.515790563096908,7.539903942138373,3
24,1,17.900778,211,-0.012605160739886073,0.056158333474966765,0.45981831095175535,0.483968296980793,11
24,2,17.900778,22,-0.04507647810329256,-0.0027727688490225694,-0.02320227218027886,0.05077324649472854,13
24,3,17.900778,22,-0.2663938366610183,-0.3514132363229288,-0.013250342019008696,0.44117174709805773,13
24,4,17.900778,211,0.34744598708652935,0.0771944736683266,1.707190207366616,1.7494730320116207,14
24,5,17.900778,-211,-0.06944185731463931,0.282459857642151,0.20757105382934615,0.3836290786871563,14
24,6,17.900778,22,0.044632253093881524,-0.006317989608565847,0.5762755733087355,0.5780358911012725,15
24,7,17.900778,22,0.05831688793318963,-0.09817777437652661,0.30950952694895795,0.32990283732018455,15
24,8,17.900778,2112,0.1075608496102881,0.6025456258038674,6.619056606923146,6.71336969919706,20
24,9,17.900778,211,0.11443163442205503,-0.03612041169305654,0.5771185308922432,0.6057597433773558,20
25,0,17.900778,13,1.0680443943705535,-0.9558132121523569,10.193276422058288,10.294092770951734,3
25,1,17.900778,211,0.2775843113490757,-0.07414254982957613,-0.0899920764109744,0.33185618318652765,8
25,2,17.900778,2212,-1.0144196339223532,0.6928305984941365,3.456378490284372,3.786286345866802,11
25,3,17.900778,22,0.05039458926882573,0.21568771600431233,1.3472259980844645,1.3653126731182907,10
25,4,17.900778,22,-0.08784068996177692,0.27480894416809837,1.6839522993594291,1.7084880125788575,10
25,5,17.900778,22,-0.18978357205372084,-0.06575278184962473,0.7067116579107813,0.7346989859591744,14
25,6,17.900778,11,-0.042206665419009956,-0.08190090915642186,0.3496580603649368,0.3615939460577437,14
25,7,17.900778,-11,-0.061772733631593815,-0.005717805678568208,0.3105148059130987,0.31665165361063097,14
26,0,17.900778,13,0.5662764348167398,1.3321668206632644,8.2243740585266,8.351456766868289,3
26,1,17.900778,211,-0.3610130907164733,0.04066576344453925,1.9784623636555971,2.016377262638835,8
26,2,17.900778,-211,0.40643864469513474,-0.22201712535478882,0.557364727673858,0.7379831979167119,12
26,3,17.900778,2212,-0.7582667627730139,-0.3562100362941629,2.6577652064705646,2.940394626424909,13
26,4,17.900778,211,-0.23179978457868639,-0.30269019571067307,0.7571486862145678,0.8591311964109654,13
26,5,17.900778,22,0.18254532635831067,-0.5155423987382595,1.8240689632082017,1.904293660025025,11
26,6,17.900778,22,0.11024545443152438,-0.2805830366120312,1.4122458325999458,1.4440634308620781,11
26,7,17.900778,22,0.06691942613487309,0.16791317362493685,0.4259142376147571,0.4626834568838387,15
26,8,17.900778,22,0.018654351631589842,0.1362970349771749,0.12090332397215026,0.18314606281839368,15
27,0,17.900778,13,-0.4368394926230823,-0.6840942057015665,3.4990510473096528,3.593513029316636,3
27,1,17.900778,211,0.3186378559450393,0.12108689933397118,1.4000785789352248,1.4477195628038066,8
27,2,17.900778,-211,-0.052232036473666865,0.620553853699999,8.645553826150975,8.669076999124524,8
27,3,17.900778,211,-0.07364972451914514,0.29112465178231794,0.15909252184402348,0.36737999428903695,8
27,4,17.900778,2112,0.4929121127030516,-0.171450064564386,1.71132367008215,2.020835956769365,13
27,5,17.900778,211,-0.014456551244618726,0.0030886516922894874,0.5206008604243526,0.5391878822986852,13
27,6,17.900778,211,-0.196535062781155,0.0065878705964278195,0.5192692749195403,0.5725292968196933,12
27,7,17.900778,-211,-0.03068886233222236,-0.1349774209281822,0.5390636156353287,0.5737857413996124,12
27,8,17.900778,22,-0.018854129218624893,-0.03880117751845567,0.22658837236048826,0.23065840555762657,20
27,9,17.900778,22,0.0396876829847172,0.07832197855714096,0.1845952693601406,0.2044134486180972,20
27,10,17.900778,22,0.042326006110372905,-0.041815526781992796,0.09441942271737151,0.11160222425916316,21
27,11,17.900778,22,-0.100967425404598,-0.0982162040730421,0.33694141605245165,0.3651990711745879,21
27,12,17.900778,22,-0.01668958589780666,-0.03443706002132439,0.06284193165460283,0.07357691047084214,22
27,13,17.900778,22,0.047349212751738944,0.0830277539268035,0.030619988944420636,0.1003650317256747,22
28,0,17.900778,13,0.10436315734220145,0.7621008634666444,2.5397578632727336,2.655790547908987,3
28,1,17.900778,211,-0.012240712746441182,0.20702771476188606,0.25387213087251836,0.3562880203737179,8
28,2,17.900778,211,-0.21592920364246612,0.1095920492007288,0.33141418223572083,0.43353313981823377,13
28,3,17.900778,130,0.10378545046972787,-0.10740774239448185,1.8705634090609335,1.9413734886088112,16
28,4,17.900778,22,-0.032857787513378985,-0.11243674471266685,0.4187102463234139,0.43478721938215925,10
28,5,17.900778,22,-0.0015750902783717938,-0.10891612402588496,0.10857573591420014,0.15379822304408175,10
28,6,17.900778,22,-0.1316374647293112,-0.23782685815297377,0.15228738457749783,0.3115790173948335,12
28,7,17.900778,22,0.001554097088495722,-0.13259696290090478,0.16065548143959704,0.20831359414328446,12
28,8,17.900778,2212,-0.060601978779737914,-0.07774581209612658,1.844169876224213,2.0714801800652918,14
28,9,17.900778,-211,0.05817031227837011,0.06683950588738093,0.4552016609980956,0.4842929297989569,14
28,10,17.900778,22,0.007664563445942783,-0.034495642708322324,0.2985346780751701,0.30061877671250414,21
28,11,17.900778,22,0.07004834288673281,-0.02589881229510115,4.976556820798758,4.977117168548287,21
28,12,17.900778,22,0.049910801630384395,-0.009776805699512371,0.5667585768036167,0.5690359904518649,22
28,13,17.900778,22,-0.05640667336532923,-0.1365349502731905,1.380048293822973,1.3879325627457357,22
28,14,17.900778,22,0.12417913795885961,-0.12898661592173677,2.4560843036259783,2.4626018987869425,23
28,15,17.900778,22,-0.008426952045678894,-0.032937062135738444,0.12118253628909093,0.12586131528142586,23
29,0,17.900778,13,0.613706630967131,-1.009846472445758,8.364363928207544,8.448086983803119,3
29,1,17.900778,211,-0.032048309695492466,0.36376550735735996,1.6698735612355655,1.715024761894371,8
29,2,17.900778,-211,0.1250110462397456,-0.3210789201786727,0.770563875156281,0.8555512288933508,8
29,3,17.900778,211,-0.6426640261239329,0.8827601290354127,3.96804055478919,4.117900936792936,8
29,4,17.900778,2112,-0.3099192610646452,-0.1788938524652142,1.1181618951033814,1.5037056784457135,8
29,5,17.900778,211,-0.127243902588788,-0.18952468673419676,0.9487738953961957,0.9857800500684679,14
29,6,17.900778,22,0.307121172311988,0.367947678938471,0.7703976312225438,0.9073155014171226,16
29,7,17.900778,22,0.06603664995399368,0.08487061649259792,0.32934942452841265,0.34646053760591045,16
30,0,17.900778,13,0.8064976167111704,-0.6859630599648465,11.813466683562948,11.861287571113385,3
30,1,17.900778,2212,-0.4649338094309724,0.3322393499605711,0.705028993521663,1.305359302039247,8
30,2,17.900778,211,-0.33185201617676385,0.0847568071412825,1.3673202494202876,1.4164582331901372,10
30,3,17.900778,-211,0.10111494866335435,0.37330969528218144,2.7280469863196375,2.7588592762050257,10
30,4,17.900778,211,0.20432503188944054,-0.29494399147627076,0.6220623710459642,0.7315613816597364,12
30,5,17.900778,22,-0.30254664116928215,0.1539277355141891,0.539960485885225,0.6377974162386901,16
30,6,17.900778,22,-0.012605130486947252,0.03667346354289384,0.1594996257630549,0.16414616310282584,16
31,0,17.900778,13,0.9312098525973528,-1.5194875786789006,11.290117673282811,11.430394367803181,3
31,1,17.900778,211,-0.6478542103361731,0.7770301917478983,2.0281268156575303,2.270741984908729,10
31,2,17.900778,-211,-0.32246120428128217,0.7109402739649391,3.370257290170011,3.462301443874577,10
31,3,17.900778,2212,-0.053124856571414025,-0.027219019898764324,1.2867444589728902,1.5936200993421927,11
31,4,17.900778,211,0.092230418591516,0.05873613286482782,0.016856847624210525,0.1781019978251419,11
32,0,17.900778,13,0.9958727494355488,0.011823431091702391,15.686002770674355,15.717943544999603,3
32,1,17.900778,2212,-0.38104082723889177,-0.06759691638185782,0.8208012939090894,1.3053071715539106,11
32,2,17.900778,211,-0.32333048733668934,0.014919206634394437,0.4347783813088386,0.5597117226943836,11
32,3,17.900778,211,-0.2777274472771795,0.01283151671092763,0.6979486433160058,0.7641395660472335,10
32,4,17.900778,-211,-0.03713131293420496,0.17982019829875567,0.09399642230251617,0.2490565205371958,10
32,5,17.900778,22,0.0004678378706256406,0.010489535555755672,-0.011896824911561459,0.01586769269380403,16
32,6,17.900778,22,0.022889487480791754,-0.16228697190967686,0.2380571107480688,0.2890193382223131,16
33,0,17.900778,13,0.23239040905517366,0.8921342855157208,9.321287390878002,9.367362037657918,3
33,1,17.900778,-321,0.1321656108258324,-0.4463654678207106,0.8016848815198956,1.0502992293652966,8
33,2,17.900778,321,-0.009958511781065577,-0.208337408114244,3.1083288754001375,3.1541927632316544,10
33,3,17.900778,2212,0.3499272976137634,-0.1406408116542673,1.0193746249460485,1.4358635625998524,12
33,4,17.900778,211,-0.26408340271469993,-0.2734920485776837,0.4955936488610323,0.640024057294712,12
33,5,17.900778,22,-0.21587305961383949,0.044778016975613455,1.821904491391303,1.835195418592557,14
33,6,17.900778,22,-0.22456834338516424,0.13192343367557202,1.3567551800572126,1.3815279048269675,14
34,0,17.900778,13,-0.9397399781521961,0.26864495992783377,4.280297140893648,4.391740997710868,3
34,1,17.900778,211,0.08568274796193637,-0.04449091935782121,0.8656018337188749,0.8820812290492819,11
34,2,17.900778,-211,0.9148182983173655,0.6205196152630066,8.788810072974757,8.85915342431685,11
34,3,17.900778,2212,0.05264984487967736,-0.23979206294027997,1.478787593102064,1.7684557042876712,11
34,4,17.900778,211,0.3596869917582345,0.004298344338406236,0.48877600875461535,0.6227158095297012,9
34,5,17.900778,22,0.011669310556657653,-0.06138462376538107,0.250765321009904,0.25843275927189513,15
34,6,17.900778,22,-0.1304105898427474,-0.6259739763193259,1.4445546397606859,1.579743158942708,15
34,7,17.900778,22,-0.26703190092439505,0.09221159556908501,0.31506637903286727,0.4231735313858542,18
34,8,17.900778,22,-0.08732472455453312,-0.01403293271551916,0.024419099772433235,0.09175414515333566,18
35,0,17.900778,13,-0.15399524764623007,-0.3681527027520161,6.490044898312959,6.503160598244467,3
35,1,17.900778,321,0.15260886215516795,0.8042431931631304,0.6567702590382143,1.1598119218712342,2
35,2,17.900778,-211,0.07651140809052259,-0.12353631630698414,0.5146737249422098,0.5527061109311014,11
35,3,17.900778,22,-0.23634876061040896,0.156377418396988,0.6551216479009743,0.7137919915318965,12
35,4,17.900778,22,-0.2953746406907004,0.05186514348792666,0.8764992926557376,0.9263839276985495,12
35,5,17.900778,211,-0.16657978444057187,-0.08438676099600005,2.373655876582903,2.3850769286025577,13
35,6,17.900778,2112,0.3233296331488929,-0.34919471975257216,4.195619750156988,4.325794248087008,15
35,7,17.900778,211,-0.11356876285938572,-0.07457217125981444,1.4542869311141302,1.4672726861538614,15
35,8,17.900778,22,0.15631883078096911,0.03918576747119418,0.36876789525651144,0.4024436131943866,19
35,9,17.900778,22,0.25709846207174447,-0.05182885145185214,0.34324367696655544,0.4319746182589844,19
36,0,17.900778,13,1.3424137571009584,1.390542491019059,9.3585262193636,9.556613424676094,3
36,1,17.900778,2212,-0.8280368880681042,0.016975357509322477,1.3659511916031895,1.8525945324075248,15
36,2,17.900778,211,0.22909167392602892,-0.04663005656041897,0.7910401436401687,0.8365892964814439,15
36,3,17.900778,22,-0.06529058010776306,-0.5782196794800822,2.2948250842195317,2.36745074389142,14
36,4,17.900778,22,-0.016378574953148727,-0.15755752323260078,0.3929626797933691,0.42368891719641816,14
36,5,17.900778,22,-0.5513535859092519,-0.472338017579723,3.178617786888053,3.260476194464121,16
36,6,17.900778,22,-0.1104458019887207,-0.15277257167555724,0.6194201485760386,0.6474712768109924,16
37,0,17.900778,13,0.4774045989346287,1.019195487750665,3.6444546133939433,3.815742137255038,5
37,1,17.900778,211,-0.5269817685534408,-0.7932641796526945,6.896121103334155,6.962969474287424,16
37,2,17.900778,130,-0.36797515351334464,0.08008457439974304,0.890011313069873,1.086993607226979,17
37,3,17.900778,2212,0.44954990190278454,-0.2883471759864993,1.5498310260814554,1.8888001510231014,18
37,4,17.900778,22,-0.023880484345827208,-0.003542696260755221,2.644788741070882,2.6448989230450173,20
37,5,17.900778,22,-0.14560651110030254,-0.0201501224615777,2.301162946545038,2.3058530287210113,20
37,6,17.900778,22,0.05789723877931154,0.02377607783540622,-0.04927477151566796,0.07965798920023776,23
37,7,17.900778,22,0.0795921778961941,-0.01775196562428605,0.08240839572721141,0.11593614946218424,23
38,0,17.900778,13,-0.7462924301404978,1.351836954995218,15.027120917541287,15.106619166781913,3
38,1,17.900778,2212,0.49679803955189883,-0.8309419970658544,2.2227328245486597,2.599647033121316,10
38,2,17.900778,211,-0.01212388215308878,-0.22312800637646307,0.04926826078711466,0.26803030084112506,10
38,3,17.900778,22,-0.08970453344672949,-0.021495161201170163,0.4609046745720793,0.4700447471447308,11
38,4,17.900778,22,0.3513228061884155,-0.27627179035172694,0.2543233159966345,0.5142316261683789,11
40,0,17.900778,13,-1.4171397115460935,-0.4364944068679884,7.92221075956082,8.060483836828235,3
40,1,17.900778,211,0.052957745234349,0.14804050489127288,1.0157332822346763,1.0372629364862114,8
40,2,17.900778,2212,0.2598622439798923,-0.5912462695511514,1.7870056397368796,2.11916027861411,8
40,3,17.900778,-211,-0.08015947806588745,-0.0035683199575525792,0.5857755091538746,0.6074956846394843,11
40,4,17.900778,211,0.5467275472593504,0.1774386378991193,1.6402762383807068,1.7436689491552237,13
40,5,17.900778,22,0.045426533119202715,0.14939160030150678,0.4930094201254124,0.5171457323465705,15
40,6,17.900778,22,0.4560446911650506,0.8806513865445466,4.227585344335223,4.342349763503697,15
40,7,17.900778,22,0.026694913046174145,-0.11922939054479004,0.028316368684504212,0.12541962640552567,17
40,8,17.900778,22,0.1095855158079611,-0.20498374271496322,0.26148974847290524,0.3498631283927392,17
41,0,17.900778,13,-0.3590388498953313,-0.8124819767043203,9.910848911134789,9.951136921635895,3
41,1,17.900778,211,-0.3506406429668385,-0.39227072100189375,0.2880594468959722,0.6158597315148611,8
41,2,17.900778,211,0.7993205821911906,1.3491464773419015,3.679864031320389,4.002497805663867,10
41,3,17.900778,2212,0.08487873633865126,-0.02129139083909431,2.0160118437030192,2.2253790845734933,11
41,4,17.900778,-211,-0.09758601295386062,0.0224802688304977,1.210474488883989,1.2226024151578785,11
41,5,17.900778,22,-0.08989871866703616,-0.02898444566940131,0.33384173697863145,0.3469469455949241,14
41,6,17.900778,11,0.0012374890725786458,-0.06337441501309267,0.2570693684306392,0.26476927533946293,14
41,7,17.900778,-11,0.011727416880647483,-0.05322379694459563,0.22737627919726702,0.23381731828606217,14
42,0,17.900778,13,0.5909088299849232,0.017044042402423187,17.260348567746416,17.270792120237026,3
42,1,17.900778,2212,-0.7223686113987204,0.1691510550230008,0.5057130478066141,1.2986626851385867,8
42,2,17.900778,211,0.13145978141379752,-0.186195097425424,0.1903031159692985,0.3280935069187606,8
43,0,17.900778,13,0.5413072571814461,0.21840662381448445,12.389740758892655,12.403933049971256,3
43,1,17.900778,2212,-1.669851797131105,-0.2962289834977496,4.563698735262706,4.958210702883102,8
43,2,17.900778,211,1.1285445399496614,0.07782235968326481,0.9599714274061024,1.4901993237996634,8
44,0,17.900778,13,1.4396964437473525,1.3014112003982716,7.679671821135113,7.921800318020995,3
44,1,17.900778,211,0.11129149034842165,0.2968048781340915,0.13291957190330672,0.37098022724011087,8
44,2,17.900778,211,-0.1256497728161793,-0.3002391376923327,1.0717750320261463,1.128766100388225,10
44,3,17.900778,2112,-1.2093245595424067,-0.8504567660806505,5.551608958536581,5.821417045246665,11
44,4,17.900778,22,0.1113682835814283,0.030484334082420753,0.7380864332039595,0.7470634324420283,14
44,5,17.900778,22,0.03373102998881881,0.0018156977453952644,1.4056518838742489,1.4060577149539895,14
44,6,17.900778,22,-0.03371164889088251,0.0006406542853908889,0.09134071102404628,0.09736534906851539,16
44,7,17.900778,22,-0.32740126641655165,-0.48046086087258566,1.3329271101705393,1.4542107512699707,16
45,0,17.900778,13,-0.4333246887957295,0.9264584396587128,1.0119777050734708,1.4426913867839297,3
45,1,17.900778,2212,0.4738220442767905,-0.30094984975609856,5.910938232574947,6.011207825714154,11
45,2,17.900778,211,-0.3827553668625574,0.005685419813336361,0.14558577095758557,0.4326765494753077,12
45,3,17.900778,22,0.19148984201746547,0.025038911631870785,0.42732398203299915,0.4689361281796501,14
45,4,17.900778,22,0.048094113064384617,-0.06902388384910217,0.1478096837268974,0.17007363951097634,14
45,5,17.900778,22,0.054775087050970894,0.07192259008284464,0.23052370660098606,0.24761734275030833,16
45,6,17.900778,22,0.06063520494981449,0.03697517621282414,0.8393651758111332,0.842364345221074,16
45,7,17.900778,22,-0.011807754895597194,0.01562220927779421,0.5194376378598498,0.5198066333972795,17
45,8,17.900778,22,0.02357622647790824,-0.13823458470630726,0.7951369322998408,0.8074078151535714,17
45,9,17.900778,22,-0.12964244612935982,-0.23290072102003356,3.225584546796087,3.236579302013124,18
45,10,17.900778,22,-0.000534878521361113,0.0008153106305269914,0.8174237767611752,0.8174243583604295,18
45,11,17.900778,22,0.13268205717996123,-0.21438564982950278,2.573195262426791,2.58551727778524,19
45,12,17.900778,22,-0.027009439812690147,-0.1270233681468656,1.3686102471350436,1.374757598435962,19
46,0,17.900778,13,-0.7857257780166189,0.691034101483487,9.94594498646856,10.001393844715444,3
46,1,17.900778,211,0.6776955528199374,-0.294389295498523,5.921379734089538,5.968932405363821,8
46,2,17.900778,2112,0.31397629759676143,0.13733616404054158,1.3986602948011078,1.719443148975581,8
46,3,17.900778,211,0.17201473528976996,-0.3618869106101854,0.050364404609731794,0.4272792569028909,12
46,4,17.900778,22,-0.293208189012989,-0.08876455526095592,0.5139334306597213,0.5983124263498314,14
46,5,17.900778,22,-0.08475261867686126,-0.08332950415436427,0.10145312404944196,0.15626755586041874,14
47,0,17.900778,13,-0.4896373226127029,-0.5601007500928925,16.932668737022468,16.949333088687826,3
47,1,17.900778,2212,0.3442246203112608,-0.06687100933450207,0.5766101454468764,1.1557647571413985,8
47,2,17.900778,211,0.14541270230144016,0.6269717594273945,0.4543494200565566,0.8000947578354826,8
48,0,17.900778,13,-0.3987796739554943,-0.26740400893111776,2.5822733682882735,2.6286555340179802,3
48,1,17.900778,211,-0.18977625593890593,0.269853541420624,2.159514023444618,2.1890218280066107,8
48,2,17.900778,211,-0.07431375980465156,-0.21253133106095654,0.35542821073830877,0.44328444532543687,13
48,3,17.900778,22,-0.15198360429239935,-0.2531847741854962,0.059680832264232944,0.30126955968504493,10
48,4,17.900778,22,-0.03117530987542934,-0.22732280842723704,-0.028953464362600947,0.23127010674895218,10
48,5,17.900778,2112,0.463849791880151,0.46504820588179996,10.48385729197159,10.546349224568042,12
48,6,17.900778,211,0.18227185555675435,0.31372105659177885,0.8126090348051904,0.900809169038696,16
48,7,17.900778,-211,0.10565594832305919,-0.04586568010691365,0.08933723807290098,0.2018112163240899,16
48,8,17.900778,22,0.08803469861122096,-0.04773793468695245,0.48470803099671367,0.4949453443365795,20
48,9,17.900778,22,0.006216309495695238,0.005423733504472814,0.9162316937474497,0.9162688339216792,20
49,0,17.900778,13,-1.0148368234876892,0.4370286460831446,1.7938762167038484,2.109512676487051,3
49,1,17.900778,211,0.16674243570789815,-0.23179008310348964,0.8255545409865399,0.8846184304740783,8
49,2,17.900778,-211,0.16545751494570118,0.2988845032829206,4.72912583804382,4.743502831506307,8
49,3,17.900778,211,-0.33097361218540355,-0.9734005172498876,7.028335687802198,7.10450803534484,8
49,4,17.900778,-211,0.22394421600408587,0.04220925165240059,0.09734379108609947,0.28440856416386984,8
49,5,17.900778,2212,0.5887689816184658,0.2050669480277035,2.7711601687743537,2.9913844020438005,14
49,6,17.900778,211,0.20089728739693907,0.2220012513072075,0.7415711441682458,0.8118200677665067,14
50,0,17.900778,13,-1.2999026148453057,0.21201853725378542,4.7561890336196795,4.936314093262807,3
50,1,17.900778,-211,0.3248844345023081,-0.6018627464067771,3.969082830195013,4.029998382027349,8
50,2,17.900778,211,0.4741475336729169,-0.013056350838705252,5.708978896727106,5.730349568757632,10
50,3,17.900778,2212,-0.14411435947784515,0.15002205363747,0.5169683142651208,1.0912755820778883,12
50,4,17.900778,211,0.1374689467849454,0.0908094922791895,0.48994169220317985,0.5354126650323857,12
50,5,17.900778,22,0.012831489174605564,-0.01771220350870075,0.07004794350415394,0.07338312923780768,14
50,6,17.900778,22,0.49468457018837464,0.17978121758373983,2.4498272589366543,2.505730972951292,14
51,0,17.900778,13,0.17628652163614972,0.17839539367870189,4.2353111557778185,4.2440460030556215,3
51,1,17.900778,321,0.24716960903820495,-0.008119239196652965,0.1996706488214044,0.5871516397643735,2
51,2,17.900778,321,0.009838741989510735,-0.23785829263214614,2.5006496055300276,2.56000815628687,11
51,3,17.900778,-321,-0.1816923836387682,0.14299277785338804,2.6931194542747394,2.7477393242779846,11
51,4,17.900778,211,0.017394024977504967,-0.08706133537692923,0.3463881904856964,0.3838577752638176,12
51,5,17.900778,-211,0.07228564021078532,0.04313991774170388,0.1475790547584085,0.21987639388263014,12
51,6,17.900778,2112,-0.36064420462083824,-0.26851552307683363,4.996795757638648,5.104206545283548,15
51,7,17.900778,211,0.0938797134460855,-0.12929459200599128,1.80122585097694,1.813677160700414,15
51,8,17.900778,22,0.18700058051804636,0.17377160028871635,0.7449145186235117,0.7874410620720047,18
51,9,17.900778,22,-0.26151824355668174,0.19254929272604596,0.2571809216537686,0.4142572248071898,18
52,0,17.900778,13,0.5825609826188125,0.13341761450573875,13.977289412950606,13.990459639601243,3
52,1,17.900778,2212,-0.28217674300053536,-0.06846880660864257,0.8905154624474707,1.3257752726336525,12
52,2,17.900778,211,0.18388276303555134,0.04435815938128032,0.6133584199074762,0.6568628875318501,12
52,3,17.900778,22,-0.48679019207570784,-0.3574904410078816,1.3889852645727976,1.5146102375573327,10
52,4,17.900778,22,-0.050622561420557884,0.007857209267741708,0.11977778598896273,0.13027316484477147,10
52,5,17.900778,211,0.11279937324810205,0.06590177337195631,0.25113317517685324,0.3156174882878663,11
52,6,17.900778,-211,-0.05856624576368358,-0.12581724285334406,0.5243586697510219,0.5600819432771698,11
52,7,17.900778,22,0.00434197541300554,0.09453766518338357,0.12216490806334794,0.15453312800477095,19
52,8,17.900778,22,-0.005429352054986821,0.20570406875976727,0.02937433394151369,0.20786171668339415,19
53,0,17.900778,13,-0.14066376108222303,-0.8402270650666439,1.5094520396949003,1.7364841808353453,3
53,1,17.900778,-211,-0.026921726447282242,0.613389397848622,4.1869846381158915,4.234063234939513,11
53,2,17.900778,211,0.21696369636895246,-0.15876160045048945,0.3162565690891806,0.4379229312467429,14
53,3,17.900778,-211,-0.4239670759126722,0.21268129169703634,0.33691324611263335,0.5983073905627551,14
53,4,17.900778,211,-0.18488137385108092,0.23947361895513322,2.522528450637634,2.544436736440666,15
53,5,17.900778,2212,0.278970349347633,0.3397516929450962,3.7376959388711195,3.8786566222118526,17
53,6,17.900778,211,-0.1735527697711256,0.16868759974097372,0.5817521995924894,0.6453615086386079,17
53,7,17.900778,22,0.21363224012420254,-0.251144815153661,1.7249889249197197,1.7562173109540684,21
53,8,17.900778,22,0.24042042122359505,-0.32385012051607087,3.045295089966296,3.0718891686505274,21
54,0,17.900778,13,-1.3082569264751391,-0.03526749049279436,10.501069231710808,10.582835112876854,3
54,1,17.900778,211,0.6586062506532637,-0.06392117334471838,5.057816691129651,5.102826430104302,8
54,2,17.900778,-211,0.29303318418760205,-0.0388254129045599,0.37836438400122624,0.5000152514703543,11
54,3,17.900778,2212,0.2811304195359367,0.6272117909351699,1.307202795779825,1.7497310323793045,12
54,4,17.900778,211,0.052877427196452075,-0.14660365244608892,0.47723626118982143,0.5210785805537295,12
54,5,17.900778,22,-0.00506415450186621,-0.33007876403658437,0.17706814293498643,0.3746074790646637,14
54,6,17.900778,22,0.027673799403751594,-0.012515297710424422,0.05027104331334494,0.05873371813559754,14
55,0,17.900778,13,-0.8701920460849164,-0.8047356302952112,6.446192617553858,6.5551046467575125,3
55,1,17.900778,2212,0.3092939332091597,0.24702746752844612,1.4232997664980669,1.7500908905102521,8
55,2,17.900778,211,0.16919550574380426,0.3056416295657271,0.03215300083674255,0.3775679081308455,12
55,3,17.900778,211,0.14732341474255534,-0.1844481081924682,0.9687189192266561,1.006787674991529,10
55,4,17.900778,-211,0.20935009803480534,0.05862455028423344,3.715197027746177,3.724168771862688,10
55,5,17.900778,22,-0.1463685098996202,0.44239769749238866,1.2613445292217595,1.344667053524576,14
55,6,17.900778,22,0.03090190336457957,0.10842548277827557,0.31370827086820924,0.3333525043529413,14
55,7,17.900778,22,0.14662762496806753,-0.1807707729582159,2.9077640224436867,2.9170651934740124,17
55,8,17.900778,22,0.003868075921564379,0.007837683796823869,0.8743758021067457,0.8744194843485872,17
56,0,17.900778,13,0.29038690820035745,1.2474475632186408,4.015416787271708,4.21606285419676,3
56,1,17.900778,2112,-0.13568038883286548,-0.19471375048742262,2.0883787712028035,2.3022685094170154,8
56,2,17.900778,211,0.2078511913393492,-0.2757609874287659,0.08392326310706613,0.381797248444004,8
56,3,17.900778,211,-0.053933059035733866,-0.11204096953066506,0.688157597069637,0.7130936944153833,10
56,4,17.900778,22,-0.002378625207266047,-0.08567649749750161,0.1267846778170944,0.15303749413297538,11
56,5,17.900778,22,-0.1963117977065328,-0.6753526771429816,1.7938170718151747,1.926763931460866,11
56,6,17.900778,22,-0.12705634187014217,-0.004774552948049841,2.831416702828167,2.8342700392551876,12
56,7,17.900778,22,-0.1024606783427777,-0.13594961127405694,5.232714847256185,5.23548327856248,12
56,8,17.900778,22,0.009401825721239303,-0.011883561496803634,0.16843819378137884,0.1691184155704937,16
56,9,17.900778,22,0.11018096573437211,0.24870504458760684,0.9352890394526575,0.9740429311553763,16
57,0,17.900778,13,-0.5051357891193686,0.362628105233495,15.98005891024827,15.992501621658805,3
57,1,17.900778,2212,0.2026418510600324,-0.5916756269456208,2.148149780376533,2.4261166169733634,8
57,2,17.900778,211,0.3024939380593361,0.22904752171212583,-0.198828795924357,0.4505308255312192,8
58,0,17.900778,13,-1.229857954862032,-0.5754871890179906,2.4362028524224693,2.7910543648615347,3
58,1,17.900778,211,0.15049055859024774,0.2121206977458313,0.9660714083282725,1.0101565965365744,11
58,2,17.900778,2112,0.5828300478893087,-0.5180633795490823,4.062786246584427,4.242299423695602,11
58,3,17.900778,211,-0.3934769517663309,0.3511282827575502,1.5287365665826838,1.6231544773774926,11
58,4,17.900778,22,-0.01496689087590714,-0.08538305979760324,0.07368440926367276,0.11377023728299425,15
58,5,17.900778,211,0.522454324107411,-0.19788004127983283,1.8211673904513443,1.910038083510064,16
58,6,17.900778,-211,-0.001308546356987017,0.1705597184375359,0.7691771107942453,0.8001284537602963,16
58,7,17.900778,22,0.05282720391537524,0.5758600489574272,4.453780355425443,4.491165212261999,19
58,8,17.900778,22,0.08426728740339241,0.1454131670124672,1.233608487378992,1.2450043634463324,19
58,9,17.900778,22,0.24905088585982757,-0.047658799023176164,0.519308475816406,0.5779091606183925,23
58,10,17.900778,22,-0.0023099639043036163,-0.030609446243126177,0.13704368479458592,0.14043947334929677,23
59,0,17.900778,13,-1.0334681201501938,0.46643109769653956,1.6758991701939787,2.0261827135088386,3
59,1,17.900778,211,0.49979396881581106,-0.4850182868781664,2.1699078565866374,2.28320315365219,8
59,2,17.900778,-211,-0.099766190448011,0.7065505336403985,8.142595161533249,8.174992519805063,8
59,3,17.900778,211,0.15643965393784642,-0.49390376560790517,0.894231306925866,1.042853637953191,8
59,4,17.900778,2112,-0.10898642431263728,-0.3616252501527345,4.0832834650290595,4.206975933246137,8
59,5,17.900778,211,0.5859871121571846,0.16756567130186795,1.029782794767337,1.2047371244848355,8
60,0,17.900778,13,-0.2620606811241235,0.6380871855828691,16.611934669644413,16.62658619684541,3
60,1,17.900778,2212,0.16850369579140145,-0.23509618751191597,0.8563360730875015,1.302814559271166,8
60,2,17.900778,211,0.3129887889443144,-0.28500379544493076,0.056108398548709415,0.4492405621830528,11
60,3,17.900778,22,-0.18868724823365468,-0.13733846385426918,0.29434892583657385,0.37564081439718994,13
60,4,17.900778,22,-0.030744555377937022,0.019351261228246798,0.12723683099143077,0.1323212384965195,13
61,0,17.900778,13,0.8370984958306944,-0.5775671903033767,8.791278808368912,8.85054037181421,3
61,1,17.900778,211,-0.1310429033260591,0.6686833281532153,0.19734317033987706,0.7230032832857521,8
61,2,17.900778,-321,-0.44683900931244414,0.10072534611179164,1.553908709589664,1.6935651495384756,12
61,3,17.900778,22,-0.1219040540847183,-0.0063842720674211675,0.34818803329424375,0.3689664806746462,13
61,4,17.900778,22,0.02483464505704594,-0.005280657645722096,0.01235677178130435,0.028237116515962023,13
61,5,17.900778,22,-0.04142099170345996,-0.025293226334280328,0.2640125569251227,0.268436353846189,15
61,6,17.900778,22,-0.06371733926802492,-0.15388517329346685,0.22712001750178792,0.28164525245948907,15
61,7,17.900778,2212,0.11023398434259817,-0.030010196206182647,6.084479813102936,6.15745867482174,16
61,8,17.900778,211,-0.16724282753563152,0.029012041585440743,0.4784103642392349,0.5264675901046383,16
62,0,17.900778,13,-1.8570598815440986,0.0018069119582543151,6.797762995176381,7.047653541623678,3
62,1,17.900778,211,-0.1259467514958582,0.19519674382866511,3.9571130376677526,3.966382196762409,8
62,2,17.900778,2112,1.3384957874772736,-0.0038333487782338804,6.380614736001242,6.58685219675024,8
62,3,17.900778,211,0.4439938033107935,0.048143554743009145,0.0641651321695958,0.472276665025934,10
62,4,17.900778,22,0.1784564295455042,-0.23696967352625903,0.6070960763357612,0.6756973947852305,14
62,5,17.900778,22,0.022060612706386387,-0.004344188225435121,0.1922828396194915,0.19359295704248708,14
63,0,17.900778,13,-0.9666705444722912,-0.6419565294585776,2.5619200417073804,2.814455269313549,3
63,1,17.900778,2212,0.18253600067707287,0.26951816262333006,2.007665527361528,2.239872963849261,8
63,2,17.900778,211,-0.21568360649255103,-1.0055324430133044,2.2439439840291975,2.472322652976905,8
63,3,17.900778,22,0.6445137276575476,0.8527514093362383,6.365552166540353,6.454675615103406,10
63,4,17.900778,22,-0.0686952454274354,-0.01361858429821397,0.8475667691742852,0.8504551315567205,10
63,5,17.900778,22,0.10189703400816846,0.18234990571378026,0.9262322027950189,0.9494949115966861,11
63,6,17.900778,22,0.18096792064100695,0.07268304219322852,0.9168045375569752,0.9373167943703191,11
63,7,17.900778,22,-0.034912891058210146,0.04828652366104362,0.0830764814719397,0.10223600199082762,19
63,8,17.900778,22,0.08121153744113585,0.06292080184923703,0.4199873846400922,0.4323699161316946,19
63,9,17.900778,22,-0.06732453819347002,-0.02578972003543734,0.4085141827511864,0.414827121354595,20
63,10,17.900778,22,0.0012581945870234201,0.09040055423881302,0.6476602773251663,0.6539401181187882,20
63,11,17.900778,22,0.12265766093590671,0.03481078204381147,0.45126928690286816,0.4689356689724004,21
63,12,17.900778,22,0.038244749696095766,0.07317609514605311,0.09302523361252521,0.12438286002824554,21
64,0,17.900778,13,-1.3082723682815773,-0.8964095447837761,4.828179783362325,5.08307099278155,3
64,1,17.900778,211,0.8905576259633075,-1.1120443483095233,4.3979631347258366,4.625072435873416,8
64,2,17.900778,2212,0.4959494814816551,1.6197494620757067,5.061069997325825,5.418886815463864,8
64,3,17.900778,211,-0.14704545151126197,0.12249203710224035,0.4954969934571638,0.5492028035149641,11
64,4,17.900778,-211,0.19434668542545586,0.00046949668973497727,1.264164505120332,1.2866089287227636,11
64,5,17.900778,22,0.025226554137520868,0.0816624985849212,0.5067111254826631,0.5138689593628835,15
64,6,17.900778,22,-0.1507625272151017,0.18408039864069947,1.4326582450216796,1.4522825413137082,15
65,0,17.900778,13,0.36202624967174285,0.7274747916866402,9.140469471020346,9.177125299582972,3
65,1,17.900778,211,-0.05121022345920032,0.027515741902134225,0.27683376496457646,0.31543037482720226,8
65,2,17.900778,2212,-0.45840337653769303,-0.13123158314088862,5.396832853875152,5.498500780176452,11
65,3,17.900778,22,0.07356418859066813,-0.1535978048847077,-0.02368474387211148,0.17194459165874174,10
65,4,17.900778,22,0.019301294360635227,-0.31481788409106326,-0.19111015852962357,0.3687898219864361,10
65,5,17.900778,22,0.05170952954086141,-0.08693291536751037,2.8570384182934228,2.8588283842903577,14
65,6,17.900778,22,0.003012337832985524,-0.06841034610460525,0.4634910870534502,0.4685221845455782,14
66,0,17.900778,13,1.8244750616272105,0.025715351537039407,12.340378425766158,12.474993958175656,3
66,1,17.900778,2212,-1.3115939153787974,0.15040685461174577,4.370224924546628,4.6606992291716764,10
66,2,17.900778,211,-0.3726993104572267,-0.07415174113913976,0.6665440612709749,0.7798487207432371,10
66,3,17.900778,211,0.02676607966212719,-0.1764957192026207,0.19430575923544274,0.2984990366640929,11
66,4,17.900778,-211,-0.21712629564230196,-0.15807123544994,0.3123865923055785,0.4349661040682484,11
66,5,17.900778,22,-0.020178860449148264,-0.00855004790003084,0.014497296455531267,0.02627663092252459,16
66,6,17.900778,22,0.07035724063813573,0.2411465375429479,0.10584658084408427,0.2725899714874854,16
67,0,17.900778,13,-0.467698241206946,0.685245179722544,4.80854632408983,4.880736049785819,3
67,1,17.900778,211,0.3126631366755717,-0.17626642129134187,0.6333414081200501,0.741234923927733,11
67,2,17.900778,-211,-0.32857015737225953,-0.06222338000871486,1.7878224557838125,1.8241762567362299,11
67,3,17.900778,2212,0.5298836343137574,-0.2958343543684545,0.8611383183059447,1.4107460534387282,13
67,4,17.900778,211,-0.0993657947795823,-0.19230138837161095,0.3484990073882772,0.4333413529683519,13
67,5,17.900778,22,0.18239263324115818,0.042549112440472436,4.259379319965491,4.263495008907574,10
67,6,17.900778,22,0.07698895665830835,-0.06883464672392989,3.1732522991132592,3.174932386975277,10
67,7,17.900778,22,0.00281084974233365,-0.0012950408757006785,-0.013744852367937904,0.014088966383667651,20
67,8,17.900778,22,-0.10153572830170166,0.03960073165994107,0.3056553074605456,0.3245040663051238,20
67,9,17.900778,22,0.004558692489004675,0.03957538824325666,0.03842656363691623,0.05534974096376395,21
67,10,17.900778,22,-0.06428387858860489,-0.059724323481035,0.3454398902080039,0.35641005823149763,21
67,11,17.900778,22,-0.03189723354088449,0.06200110535358739,0.2953812680462409,0.30349903473525836,22
67,12,17.900778,22,-0.0159468693301556,-0.012491962299013643,1.0823689908924672,1.0825585361582486,22
68,0,17.900778,13,0.9232126576174644,-0.20591543611234447,5.500406510353544,5.582146414485568,3
68,1,17.900778,211,0.2476385640868884,0.23653449059413972,4.005935929923149,4.022968541166199,8
68,2,17.900778,211,-0.11964483740045664,-0.02417190472351701,0.20425430700978583,0.2758600640299214,8
68,3,17.900778,211,-0.16599796346269097,0.08952096208060774,1.2062018627463857,1.2288091980118183,10
68,4,17.900778,-211,-0.10578236663626894,0.042858496931822046,2.382450663083362,2.3892630049403882,10
68,5,17.900778,22,-0.045318353321370186,0.018323564185877397,0.18020659556823018,0.1867188347182099,13
68,6,17.900778,211,-0.5340052724511729,0.14172733259793974,0.9281104215393803,1.0890899904420137,15
68,7,17.900778,-211,-0.2550967382363783,0.31292446532534024,0.3178016156713717,0.5324225001644125,15
68,8,17.900778,22,-0.10377430236095324,-0.10498154784526145,0.5848988817385077,0.603238703232349,18
68,9,17.900778,22,-0.10682395127299227,-0.1276703267242734,0.26752540811908776,0.31508873810522287,18
68,10,17.900778,2212,0.14363269801056144,-0.3800794098570954,2.0026930267001344,2.248604158545575,19
68,11,17.900778,-211,0.12195986542736886,0.0009293135467647387,0.3496852541972445,0.39577093665619456,19
69,0,17.900778,13,0.6468184869587077,0.11797019966155867,13.314004041366065,13.330647350079877,3
69,1,17.900778,2212,0.49324076290101215,-0.10492472654797577,0.5270709398967699,1.1884654042133511,2
69,2,17.900778,211,-1.190933151154972,-0.21892149041653933,3.1488349434174467,3.3765203501938013,11
69,3,17.900778,22,0.04975369345306696,0.16674552823402364,0.46003027474318986,0.49184078204085485,14
69,4,17.900778,22,0.001120207842184362,0.03913048906893283,0.4679733222606689,0.4696077942156318,14
70,0,17.900778,13,0.6292816282525577,0.09644534451074066,16.79004841220332,16.80244585742996,3
70,1,17.900778,211,0.016163332968079508,0.23658695740085078,0.27610647165481983,0.38980663197860405,8
70,2,17.900778,2212,-0.614033395009307,-0.476220144457986,0.6211545108822639,1.3674816837762858,10
70,3,17.900778,22,0.013315992081707629,-0.01526645166359799,0.0003423317588103561,0.020260734995309664,13
70,4,17.900778,22,-0.04472755829303814,0.1584542942099926,0.25695426092623636,0.3051783249717981,13
71,0,17.900778,13,-1.004776807844933,0.1772140682334858,16.173444140390938,16.205938438038967,3
71,1,17.900778,2212,0.570789059903821,-0.029269130135700108,0.8713159522332578,1.4022121502828797,10
71,2,17.900778,211,0.11173565938287082,0.08349192167890614,0.41190681118334505,0.45673051634699574,10
71,3,17.900778,211,0.10451704813589122,0.05244631035505422,0.1328111398191131,0.22537305202918753,11
71,4,17.900778,-211,0.07405400621616795,-0.1663518349925824,0.30890194671717786,0.3847819206092274,11
71,5,17.900778,22,0.08759980880757694,0.007851825048673954,0.007609137739156474,0.08827953690891494,16
71,6,17.900778,22,0.05608122539860359,-0.12538316018783746,0.06879737770481421,0.15362005038391555,16
72,0,17.900778,13,0.6160501870985953,1.465669294059668,11.047979835493678,11.162290391924431,3
72,1,17.900778,2212,-0.7213297598989561,-0.7786087946522363,6.398471664533991,6.553421893359994,8
72,2,17.900778,211,-0.018604141248450515,-0.6852465611770028,0.6682711510333776,0.9674580507081305,11
72,3,17.900778,22,0.04235562003720516,-0.05915362878533873,-0.022371653892989465,0.07611597233903981,13
72,4,17.900778,22,0.08152809401160563,0.05733969055490979,-0.11950052626671287,0.15561184403546982,13
73,0,17.900778,13,0.855974314410986,0.08508286093299083,13.32596148861365,13.354113401936123,3
73,1,17.900778,321,-0.2199976345429255,0.15585991045578315,0.1994435461956638,0.5968156678664439,8
73,2,17.900778,22,0.0027256387171802066,0.022080287542542744,0.011783229127305707,0.025175636894516667,10
73,3,17.900778,22,-0.08488667965328664,-0.1842719670677731,0.19898231257861465,0.28417576770146974,10
73,4,17.900778,22,-0.29749524225726104,0.06631506800329243,1.640712292742779,1.668783369693998,11
73,5,17.900778,22,-0.1083577991688634,-0.05265143761662457,0.8337648636512179,0.8424235480939213,11
73,6,17.900778,2212,-0.1982139462014484,-0.24535650646852245,1.4624985010487743,1.7659957650586546,12
73,7,17.900778,22,0.019483740138189144,0.016931797497225055,-0.012529467040253296,0.028693020764156543,19
73,8,17.900778,22,0.030767608557430146,0.13600998672108594,0.26762790029281674,0.3017781556696163,19
74,0,17.900778,13,0.7052546774229964,0.9932971485143196,2.5391412261428035,2.8182309321933983,3
74,1,17.900778,-211,0.3149219607798755,-0.6352538776430433,1.9318047721862825,2.06254037370997,8
74,2,17.900778,211,-0.39704454158126373,0.54426026373762,6.705331594820486,6.7405352297930365,10
74,3,17.900778,2212,-0.04736100329545912,-0.4290981641315926,1.035734939301963,1.462691271760756,12
74,4,17.900778,211,-0.048940003152785676,-0.2972778115248061,2.0017237789782962,2.0290754282087997,12
74,5,17.900778,22,-0.29265179887093246,-0.13198411819205766,1.7615386216640863,1.790553880354215,14
74,6,17.900778,22,-0.23417929130243012,-0.043943440760446935,2.0053882673556274,2.01949327042909,14
75,0,17.900778,13,-1.0631734198484315,-0.4896239362070595,5.627649104525205,5.749057992301213,3
75,1,17.900778,2212,0.4329181912420269,-0.4730414275337348,1.1562067494513417,1.6212189836195052,8
75,2,17.900778,211,-0.04880524537999097,0.524793632206207,0.5336508772500539,0.7629242112231972,13
75,3,17.900778,22,0.07865562389846964,-0.033723802914765316,0.8892021074371766,0.8933109144774892,10
75,4,17.900778,22,0.0981109633794259,-0.16818094245761334,0.8876970264737397,0.9087995385955526,10
75,5,17.900778,22,-0.007986371488230497,-0.04872179236359507,0.8047658401067765,0.8062788925573059,15
75,6,17.900778,22,-0.0015693477228227518,-0.12591909546581842,0.4285512114567609,0.44667014932303534,15
75,7,17.900778,22,0.31220474384382263,0.41264441055576034,4.026913494321398,4.060022106145393,18
75,8,17.900778,22,0.016026744934815672,-0.009911148216003671,0.11551895219696098,0.1170457847547232,18
75,9,17.900778,22,0.12968154122836778,0.029221631370210627,0.5983296571170975,0.6129189052894068,19
75,10,17.900778,22,-0.022962107969025994,0.047211849012268575,0.3507024083696613,0.35461020335830606,19
75,11,17.900778,22,-0.019331282884572323,0.009716984625386237,0.06327699354036882,0.06687373325664747,20
75,12,17.900778,22,0.09622996676614422,0.32553363738875,2.4619866180884045,2.4852787496016906,20
76,0,17.900778,13,0.07221135289705222,-1.457247693321217,5.037738289656729,5.24583229143391,5
76,1,17.900778,211,0.0698025162891147,0.1642924645277124,1.540977154816912,1.5575476820144247,17
76,2,17.900778,-211,0.0197940901396359,-0.10223437996325752,4.019754595798589,4.023524632681501,17
76,3,17.900778,2212,0.5404649806835823,0.7434445015308615,6.2829728312706,6.41879352476665,17
76,4,17.900778,211,-0.7438043617542553,0.6701845028962714,0.6521382736612635,1.2029781001169022,22
76,5,17.900778,22,-0.01037052793017363,-0.011981406873470485,-0.004808076894397807,0.01655957619145499,24
76,6,17.900778,22,0.05190194967504742,-0.006457988796899742,0.4021424070277865,0.40552932511653705,24
77,0,17.900778,13,0.12683764105957956,-0.16491495263680084,2.973665869983668,2.9828069784514186,3
77,1,17.900778,2212,-0.2986997172238902,0.3738352188642173,2.7027089450305253,2.900682769001276,8
77,2,17.900778,211,-0.1912258628936698,0.2788227288244787,0.10716936400587684,0.3811489239522807,10
77,3,17.900778,130,-0.41699269562630853,-0.146666272725144,0.7556423613765575,1.0069781497964698,13
77,4,17.900778,22,0.08067616179682405,-0.06776825038321342,0.46557004245429273,0.4773433180355217,17
77,5,17.900778,22,0.0034977852453537683,0.05405372467964123,0.21882397753121402,0.2254284205594901,17
77,6,17.900778,211,-0.24651881155873698,-0.2150628573345588,0.8705256615008472,0.9403819805210668,19
77,7,17.900778,-211,0.09312537948589927,-0.2437865335974497,0.8821832498434014,0.9305005542567497,19
77,8,17.900778,22,0.01698253003465363,-0.1174251158715127,0.7309263088642507,0.7404933039222799,19
77,9,17.900778,22,0.37862215341571104,0.2907442454414065,4.3108488525452895,4.337200108457701,26
77,10,17.900778,22,0.09107689656857737,0.05921137058993135,0.5459141179706235,0.5566176530575953,26
77,11,17.900778,22,0.1926821623438712,0.004610727686662673,1.331985538839857,1.3458577748684348,27
77,12,17.900778,22,0.16993637735213513,-0.10565403353765838,2.0251792622149787,2.0350410785180597,27
78,0,17.900778,13,-0.27606672545492955,-0.0877756458259911,2.522995530488303,2.541768652605412,3
78,1,17.900778,211,-0.3031694221778499,0.4975483973915958,1.2955602324652034,1.4273829924501298,8
78,2,17.900778,130,-0.2216051096677069,0.11731471499227178,-0.015409142718491475,0.5574268748130777,10
78,3,17.900778,2212,0.044544619614917014,-0.0570655422636641,3.822344690861119,3.936484501164034,14
78,4,17.900778,211,-0.02581318646914188,-0.11017407475869442,2.550079788684175,2.5564020342857163,14
78,5,17.900778,-211,0.1883074122038398,0.16236411165864115,1.6719725893331112,1.6961114086718694,15
78,6,17.900778,211,0.007973139548841449,-0.01925538580738271,0.6637665233128061,0.6786015938734788,20
78,7,17.900778,-211,0.5858292724020268,-0.5029565753867775,5.4119752727118176,5.468557158014536,20
79,0,17.900778,13,-0.36586377540840564,-0.8205576755370363,15.740752150657446,15.766724882012305,3
79,1,17.900778,2212,0.15135857968958882,0.8261186953728628,1.3573323116892089,1.851508335316312,8
79,2,17.900778,211,0.21881567541612446,-0.23521087847393354,-0.02983816435156811,0.3515317313019772,11
79,3,17.900778,22,0.05437391808747192,0.164853378791251,0.6682175888857523,0.6903969188541932,13
79,4,17.900778,22,-0.05868439778477897,0.0647964798468577,0.21393098860563275,0.23110367852911776,13
80,0,17.900778,13,-0.27060979259826157,0.5777977837202235,13.459602320984429,13.475130374633542,3
80,1,17.900778,211,-0.11174082395839005,-0.07419741453089952,0.16555080464331873,0.25471184087124976,11
80,2,17.900778,2212,0.13898734028528217,-0.5737855460597515,0.8956496126744711,1.4251617996601624,10
80,3,17.900778,22,0.16301316929650772,0.07260466478984151,2.8168861096748548,2.8225329201964096,14
80,4,17.900778,22,0.032895840909465096,0.08361211976988167,0.6788959544763474,0.6848159168169975,14
80,5,17.900778,22,-0.03414537074015668,-0.06378104443729361,-0.013122316196905966,0.0735263432714176,16
80,6,17.900778,22,0.08159963680555277,-0.022250563252000942,-0.08606011553185575,0.12066454233612191,16
81,0,17.900778,13,0.4584205041407663,0.3762401777123497,3.208120254941283,3.264185294327853,3
81,1,17.900778,211,-0.24285205740021215,-0.1680469301725859,1.1599741696085566,1.2050878605242885,8
81,2,17.900778,211,-0.3407440078002366,0.5337382599649034,3.1861413332596085,3.2514549649975852,11
81,3,17.900778,-211,-0.32352198711895996,-0.3565884967213106,6.3584056979095225,6.37813645481591,11
81,4,17.900778,-211,0.16797922263882792,0.0029023400690462997,1.9802128645023174,1.9922219295190726,12
81,5,17.900778,2212,-0.021547584872970687,-0.5006926000667038,0.8815093715999298,1.3815088647178193,13
81,6,17.900778,211,0.03227898085664969,-0.24253863663639247,0.6357444185281136,0.6953543510011521,13
81,7,17.900778,22,0.19205471841700356,0.14532299319895464,0.2904984614739192,0.37735016011292766,17
81,8,17.900778,22,0.07793221113913246,0.20966289265173849,0.2175161804442587,0.3120019981397364,17
82,0,17.900778,13,0.8617565708110495,1.6442536071269827,9.694550526218599,9.871254644314037,3
82,1,17.900778,211,-0.7333374174216536,-0.9905357741825991,4.291816555529576,4.467450505483404,8
82,2,17.900778,211,0.3951637004900542,0.20468991744106596,0.28941082984860506,0.5488995589547162,8
82,3,17.900778,2112,-0.30660032447499225,-0.5864123001653416,2.153554852052009,2.4409984494976897,11
82,4,17.900778,22,-0.06639598481161046,-0.007845096019514157,0.2194946385983958,0.22945123382562005,14
82,5,17.900778,22,-0.15058654459284823,-0.26415035420059496,1.3452627031063933,1.37919667103928,14
83,0,17.900778,13,0.12578770190470162,-0.9743485003994965,13.29953470845761,13.33619004975746,3
83,1,17.900778,211,-0.10942776119926753,1.3227543470841672,4.270040856571993,4.473743644795176,8
83,2,17.900778,2212,-0.01635994070543395,-0.34840584668466823,0.3661112413623177,1.0658528583326135,8
84,0,17.900778,13,0.8504443354558935,0.10414028053050703,7.406804471620793,7.456944232201269,3
84,1,17.900778,2212,0.1905058036569125,0.06898161885702368,2.2891787823275114,2.4822854419517455,13
84,2,17.900778,211,0.23041879794636594,0.040806195441721316,0.7372612320149681,0.7859973773274979,13
84,3,17.900778,211,-0.07295066660748827,-0.07302780843326447,0.49116500371211824,0.5209392539774361,10
84,4,17.900778,-211,0.016886441274333547,-0.10574807140642711,1.794600911519377,1.8032027126840926,10
84,5,17.900778,22,-0.041212304486675275,0.044674082201037815,0.1317131320723475,0.1450605970686568,11
84,6,17.900778,22,-0.43648592964168753,0.17746622808003804,2.040701417211948,2.094391678529825,11
84,7,17.900778,211,-0.13058248966334185,-0.00875451658857622,0.3074765531291531,0.3621464397057652,12
84,8,17.900778,-211,-0.019619857211185643,-0.05858002595848022,0.047360888226790104,0.1598105030087637,12
84,9,17.900778,22,-0.1152198663511072,0.041623674711315256,0.1926746622961595,0.22832361548770963,14
84,10,17.900778,22,-0.21366226089269424,0.08089725654720765,0.1058571790022243,0.2517968828102353,14
84,11,17.900778,22,0.005643685165731788,0.17821757717754283,0.3305016986254389,0.3755325935143099,19
84,12,17.900778,22,0.003221057873638808,-0.3544629733163531,1.608225322612521,1.6468281825856164,19
84,13,17.900778,22,-0.2756952725590738,-0.11187605395525278,0.42633437428081183,0.5198895396653332,24
84,14,17.900778,22,0.00830852604037783,-0.024357463888039086,0.012504957241521807,0.028612787484498192,24
85,0,17.900778,13,-0.514035834664154,-1.1186939163377538,3.59818483566759,3.804445697470024,3
85,1,17.900778,211,-0.24038036163348117,-0.231940733800649,0.5861672698494187,0.6889492545882812,8
85,2,17.900778,-211,-0.49883256833433676,0.6803014958210374,4.739697285648207,4.816207449947349,8
85,3,17.900778,211,-0.08735241923666583,-0.1295635397465369,1.1851252991359302,1.2035027692241425,8
85,4,17.900778,2112,0.1694159103955655,-0.07166310927641857,1.7832641482203095,2.0240207901981218,13
85,5,17.900778,211,0.014686572973962631,-0.03912820674390065,0.030053643803066576,0.1487606076706954,13
85,6,17.900778,22,0.1976817793201079,0.15557639167193882,0.8346050639693855,0.8716924413600057,11
85,7,17.900778,22,0.9588169211789977,0.7551116184122815,5.207141582547153,5.348256436007165,11
86,0,17.900778,13,0.21816738024916082,-0.11129485062440284,1.3888543184358237,1.4142361553213545,3
86,1,17.900778,321,-0.20396974460495176,0.22307944316439582,-0.0868812604704372,0.5853515102036375,2
86,2,17.900778,2212,-0.20581826193463756,-0.010887705569826298,5.053533279208758,5.144028469599365,11
86,3,17.900778,211,0.7240698205910132,-0.07577828208312198,2.907067672634402,3.0000902805252663,13
86,4,17.900778,-211,-0.06271349914412301,-0.09878368460764783,4.343420506971634,4.3472373623487925,13
86,5,17.900778,130,-0.46973569515646146,0.07366507972060307,4.317528591045625,4.372041515570362,13
87,0,17.900778,13,-1.1595596595273086,-1.6753456545146914,7.742635424484044,8.006930062026242,3
87,1,17.900778,211,0.7834037416733064,0.9264482908771291,2.9689132186849236,3.210288669749025,8
87,2,17.900778,211,0.041761656601660826,0.3327412431558109,1.1540089952509067,1.2098253249452986,10
87,3,17.900778,-211,0.5615620001132946,0.19188832630517003,3.836086655401656,3.8842262578786664,10
87,4,17.900778,2212,-0.26969562344911124,0.22414047365854373,2.2954550422402615,2.5044838041172723,12
87,5,17.900778,22,-0.047897124204699416,-0.00523164734127159,0.0193488220721292,0.05192187936277688,16
87,6,17.900778,22,0.09042500879285732,0.005358967859309803,-0.0023664087360761796,0.09061457190767734,16
88,0,17.900778,13,-0.3721620860027931,-1.3519195984374761,5.9506530053967035,6.114542210593865,3
88,1,17.900778,211,-0.06523349028564142,0.33640933922080507,1.1429919634892274,1.2013896392389878,8
88,2,17.900778,-211,-0.07331355882611734,1.0464525682499464,8.208252832978937,8.276190682343623,8
88,3,17.900778,211,-0.36938658863521096,0.030449225656059953,0.7470127351831638,0.8455066047243189,8
88,4,17.900778,2212,0.8051320967057404,0.10006884305182231,1.229193257296883,1.7462869532753298,13
88,5,17.900778,22,0.026776464613034325,-0.028358941231759506,0.4027108518304465,0.40459515418126707,15
88,6,17.900778,22,0.0481871624309894,-0.13310143650939862,0.28017554568077263,0.3139049719605198,15
89,0,17.900778,13,0.5751727295073837,-0.5880672824375991,1.7098464190894886,1.9003645992060745,3
89,1,17.900778,211,-0.774041833931553,0.32176372757210514,11.650209062896142,11.681161057495299,8
89,2,17.900778,2212,-0.3818613635889209,0.3661466959372306,4.582748126309934,4.707633427322581,8
89,3,17.900778,22,0.25441914877218497,-0.11172879633843932,0.010433550788465355,0.2780670533796745,12
89,4,17.900778,22,0.3263113192409092,0.011885655266702634,-0.0004775783594073253,0.32652805996874196,12
90,0,17.900778,13,-0.31076362694995535,-0.16902695420112576,2.8659593178533647,2.8896420176679536,3
90,1,17.900778,2212,-0.15340604066444385,0.27012427213904755,5.482168794959926,5.570549867386823,11
90,2,17.900778,321,0.411414475107494,0.25328509366505947,0.3608817149854127,0.7793399538145757,9
90,3,17.900778,22,-0.24680402712808752,0.026278825288464043,0.04303922781864154,0.2519031154956371,9
90,4,17.900778,-11,0.11737465094197044,-0.39458395725583373,2.2809767933297933,2.317828445083348,13
90,5,17.900778,12,0.11465028117917103,-0.3569705640356201,0.7473254789545073,0.8361028896355731,13
90,6,17.900778,-321,-0.07461043278390936,0.46922826904219517,5.388380782177591,5.43176852243257,19
90,7,17.900778,22,-0.013239087676424004,-0.043229468736372394,0.08582473071791555,0.09700487004545566,21
90,8,17.900778,22,0.15538380797418475,-0.05510551590581434,0.6706455633496453,0.6906129287121456,21
91,0,17.900778,13,0.28506589141278016,0.3732348548089053,12.52542850726469,12.534675510179358,3
91,1,17.900778,2212,0.19608004256160655,0.08761764386578623,0.6513183242552275,1.1621920611577892,8
91,2,17.900778,211,0.350422694561364,0.2729040158279002,0.6110522581305415,0.7682039532474928,10
91,3,17.900778,211,-0.10591264252518201,0.07224920112678067,0.5717190118321313,0.6023120854676869,11
91,4,17.900778,-211,-0.3963938837747679,-0.5044571126602162,1.556048112281152,1.6888962674602799,11
91,5,17.900778,22,0.01017646322320891,0.0028770645600294346,-0.01135433766653842,0.015516407060324065,14
91,6,17.900778,22,-0.12872535096394053,-0.06526460776647851,0.26183696147623414,0.29897872734161024,14
91,7,17.900778,22,-0.10944868130088846,-0.03696916863415757,0.7321603448739094,0.7412182565708204,17
91,8,17.900778,22,-0.10126453319418073,-0.20219189112854927,1.0116975952016443,1.0366619944118551,17
92,0,17.900778,13,-0.301589057481838,-1.0374649238487423,16.43920141473104,16.475005208421162,3
92,1,17.900778,211,-0.2839474272793353,-0.048329110911692647,0.4772425077151164,0.5746320914204853,8
92,2,17.900778,2212,0.5855364847611734,1.085794034760434,1.0778595299149816,1.8878382928726603,8
93,0,17.900778,13,-0.6139278333383645,-1.9466862586102645,7.981017979699677,8.238586456540897,3
93,1,17.900778,321,-0.004050159176563761,0.6838347042645535,3.591523643456324,3.6892286904516682,8
93,2,17.900778,211,0.11174632698419641,0.5098346736657368,0.229935364188311,0.5871700713342921,12
93,3,17.900778,2212,0.41856807728773054,0.27430841876152423,4.165359232255914,4.298954811412577,11
93,4,17.900778,-211,0.02271306153523887,0.02831855276196077,0.27418333351670066,0.3097968832528269,11
93,5,17.900778,22,0.10735070367844005,0.322975539020325,1.2767109930202138,1.3212979724817504,14
93,6,17.900778,22,-0.042400176970678424,0.12741437013616508,0.49505665284766154,0.5129456952281306,14
94,0,17.900778,13,-1.0761604098975235,0.8653878663036736,2.3903133062471187,2.762567487790744,3
94,1,17.900778,2212,0.3290182543043196,-0.49004991874816817,6.734377887703344,6.824998026506551,8
94,2,17.900778,-2112,-0.12878677738580555,-0.06416774501167795,6.228473285919523,6.300585273753736,8
94,3,17.900778,2212,0.5433043888822684,-0.06159468297208931,1.7720359435882265,2.0783251772082694,12
94,4,17.900778,22,0.19781888854453047,-0.21943970703109394,0.5386855885213738,0.6143844569709626,14
94,5,17.900778,22,0.13480565555220717,-0.03013581254064361,0.3423004102890883,0.36912098673798455,14
95,0,17.900778,13,-1.3389403194629645,-0.1285257808022526,15.171311594576082,15.231189697155408,3
95,1,17.900778,211,-0.30067096925073256,0.188978429214073,0.5269846458903518,0.650621610740508,8
95,2,17.900778,2112,1.2557428134436135,-0.20425336030613245,1.7973376801974206,2.3941227976586905,10
95,3,17.900778,211,0.3838684752700823,0.14380071189431207,0.4949897479262568,0.657668827374073,10
96,0,17.900778,13,0.07899528561734927,0.4759059345049804,4.834675814577485,4.859833431436442,3
96,1,17.900778,211,0.23413722747735946,-0.44876362108087064,0.06582660035637389,0.5291710074360445,2
96,2,17.900778,2212,-0.7005619236287522,0.07245789916543884,6.122755934435264,6.234142120737393,8
96,3,17.900778,-2112,0.46881980447523053,-0.05496901820544217,5.073150852181029,5.180971429752894,8
96,4,17.900778,2112,-0.08139039394118683,-0.04463119438410605,1.8135698988552635,2.044613387091052,8
97,0,17.900778,13,1.7347089122438177,0.5709177961044571,7.003896726585172,7.238846284622806,3
97,1,17.900778,211,-0.417008942538794,0.4745524616530652,0.595630953565106,0.8794046365372337,2
97,2,17.900778,211,-0.5215004986120633,-0.5194899167126468,4.409016552046682,4.472218608782486,11
97,3,17.900778,-211,-0.49289020357892815,0.3969604542213183,1.0870828325230608,1.2656015268108782,11
97,4,17.900778,2212,-0.3033092675140323,-0.9229407952661886,4.899261009199238,5.082019800481538,11
98,0,17.900778,13,-0.05386573359532974,0.4878421850888075,8.478969019792547,8.493819587736118,3
98,1,17.900778,211,0.2679524455894115,-0.050307960890802625,1.5758720881127282,1.6053604040897194,8
98,2,17.900778,-211,-0.07755514570972027,0.3237916492401608,1.8066779492126412,1.8423954053934553,8
98,3,17.900778,211,0.11251095705666381,0.45626748702736303,0.5032898458038351,0.702580379006786,8
98,4,17.900778,2212,-0.09247040823562286,-0.7599482893836709,2.9263746775789787,3.1670319741694906,14
98,5,17.900778,-211,-0.12777487798761394,-0.15128980466542483,0.5943400492440308,0.6418215511151437,14
98,6,17.900778,211,-0.23181092991036806,-0.11914851432201506,0.14701556255705112,0.33019090875585777,15
98,7,17.900778,22,-0.04972510754821727,-0.14938192913061887,0.3475607717964891,0.3815573838405413,10
98,8,17.900778,22,0.0382075089794733,-0.29277160200707436,0.39345835570438137,0.49191920307892095,10
98,9,17.900778,22,0.14138999061044344,0.16022595787616037,0.49010764674246154,0.5346671791101338,19
98,10,17.900778,22,0.07314130075087945,0.09472082116711569,0.6450390895768544,0.656046576791801,19
99,0,17.900778,13,-0.6398782627536683,1.8627937779926176,7.084569190813733,7.354028114271784,3
99,1,17.900778,211,-0.01472675578159112,-1.2823381700153036,4.41201040808608,4.596729672884185,8
99,2,17.900778,2212,0.45162985147354373,0.21574812259283468,2.344611996931851,2.574504376419101,8
99,3,17.900778,211,0.05891718650262515,-0.31468583435049113,0.36282140878348906,0.5036045758111072,10
99,4,17.900778,-211,-0.10923317602473098,-0.5875812484133822,3.017575809357474,3.079354990960102,10
99,5,17.900778,22,0.1664005814115826,0.012657024598491912,0.5565802486207193,0.5810601749565196,11
99,6,17.900778,22,0.08689057517223843,0.09340632759523448,0.2312674585124934,0.26411995656409337,11
