Energy,Cross_section_pb,Total_events,pid,momentum,parent_pids,theta,phi
17.900778,0.03375838969883892,974328.0,,,,,
,,,-11,"(-0.6329596146149772, 0.37337527789117136, 9.552299626927482, 9.580525841288345)","(-11, 90)",0.07678090417443081,2.6086416311896725
,,,22,"(-0.20687202311455585, 0.2319356906386066, 1.1354971873797932, 1.1772612543895842)","(22, 22)",0.2671605338410669,2.299138828125108
,,,2112,"(0.5064515672181229, -0.45866443204704677, 1.9682757982149717, 2.2855563116890205)","(1, 2101)",0.3341286819600039,5.547261134169673
,,,22,"(0.1581909788639745, 0.16055494424026603, 0.23713903187179655, 0.32716539601710687)","(221, 90)",0.7600098877753498,0.7928144842473439
,,,13,"(0.0502115224774368, -0.09611663487487537, 0.06200308369112155, 0.16360935937891988)","(221, 90)",1.051397264134324,5.193797157593362
,,,-13,"(0.12497756916999733, -0.21108484584812154, 0.2571259539508943, 0.3707478883790495)","(221, 90)",0.7618818806971256,5.246959174052996
,,,,,,,
,,,-11,"(-0.6329596146149772, 0.37337527789117136, 9.552299626927482, 9.580525841288345)","(-11, 90)",0.07678090417443081,2.6086416311896725
,,,22,"(-0.20687202311455585, 0.2319356906386066, 1.1354971873797932, 1.1772612543895842)","(22, 22)",0.2671605338410669,2.299138828125108
,,,2112,"(0.5064515672181229, -0.45866443204704677, 1.9682757982149717, 2.2855563116890205)","(1, 2101)",0.3341286819600039,5.547261134169673
,,,22,"(0.1581909788639745, 0.16055494424026603, 0.23713903187179655, 0.32716539601710687)","(221, 90)",0.7600098877753498,0.7928144842473439
,,,13,"(0.0502115224774368, -0.09611663487487537, 0.06200308369112155, 0.16360935937891988)","(221, 90)",1.051397264134324,5.193797157593362
,,,-13,"(0.12497756916999733, -0.21108484584812154, 0.2571259539508943, 0.3707478883790495)","(221, 90)",0.7618818806971256,5.246959174052996
,,,,,,,
,,,-11,"(-0.6329596146149772, 0.37337527789117136, 9.552299626927482, 9.580525841288345)","(-11, 90)",0.07678090417443081,2.6086416311896725
,,,22,"(-0.20687202311455585, 0.2319356906386066, 1.1354971873797932, 1.1772612543895842)","(22, 22)",0.2671605338410669,2.299138828125108
,,,2112,"(0.5064515672181229, -0.45866443204704677, 1.9682757982149717, 2.2855563116890205)","(1, 2101)",0.3341286819600039,5.547261134169673
,,,22,"(0.1581909788639745, 0.16055494424026603, 0.23713903187179655, 0.32716539601710687)","(221, 90)",0.7600098877753498,0.7928144842473439
,,,13,"(0.0502115224774368, -0.09611663487487537, 0.06200308369112155, 0.16360935937891988)","(221, 90)",1.051397264134324,5.193797157593362
,,,-13,"(0.12497756916999733, -0.21108484584812154, 0.2571259539508943, 0.3707478883790495)","(221, 90)",0.7618818806971256,5.246959174052996
,,,,,,,
,,,-11,"(-0.6329596146149772, 0.37337527789117136, 9.552299626927482, 9.580525841288345)","(-11, 90)",0.07678090417443081,2.6086416311896725
,,,22,"(-0.20687202311455585, 0.2319356906386066, 1.1354971873797932, 1.1772612543895842)","(22, 22)",0.2671605338410669,2.299138828125108
,,,2112,"(0.5064515672181229, -0.45866443204704677, 1.9682757982149717, 2.2855563116890205)","(1, 2101)",0.3341286819600039,5.547261134169673
,,,22,"(0.1581909788639745, 0.16055494424026603, 0.23713903187179655, 0.32716539601710687)","(221, 90)",0.7600098877753498,0.7928144842473439
,,,13,"(0.0502115224774368, -0.09611663487487537, 0.06200308369112155, 0.16360935937891988)","(221, 90)",1.051397264134324,5.193797157593362
,,,-13,"(0.12497756916999733, -0.21108484584812154, 0.2571259539508943, 0.3707478883790495)","(221, 90)",0.7618818806971256,5.246959174052996
,,,,,,,
,,,-11,"(-0.6329596146149772, 0.37337527789117136, 9.552299626927482, 9.580525841288345)","(-11, 90)",0.07678090417443081,2.6086416311896725
,,,22,"(-0.20687202311455585, 0.2319356906386066, 1.1354971873797932, 1.1772612543895842)","(22, 22)",0.2671605338410669,2.299138828125108
,,,2112,"(0.5064515672181229, -0.45866443204704677, 1.9682757982149717, 2.2855563116890205)","(1, 2101)",0.3341286819600039,5.547261134169673
,,,22,"(0.1581909788639745, 0.16055494424026603, 0.23713903187179655, 0.32716539601710687)","(221, 90)",0.7600098877753498,0.7928144842473439
,,,13,"(0.0502115224774368, -0.09611663487487537, 0.06200308369112155, 0.16360935937891988)","(221, 90)",1.051397264134324,5.193797157593362
,,,-13,"(0.12497756916999733, -0.21108484584812154, 0.2571259539508943, 0.3707478883790495)","(221, 90)",0.7618818806971256,5.246959174052996
,,,,,,,
,,,-11,"(-0.6329596146149772, 0.37337527789117136, 9.552299626927482, 9.580525841288345)","(-11, 90)",0.07678090417443081,2.6086416311896725
,,,22,"(-0.20687202311455585, 0.2319356906386066, 1.1354971873797932, 1.1772612543895842)","(22, 22)",0.2671605338410669,2.299138828125108
,,,2112,"(0.5064515672181229, -0.45866443204704677, 1.9682757982149717, 2.2855563116890205)","(1, 2101)",0.3341286819600039,5.547261134169673
,,,22,"(0.1581909788639745, 0.16055494424026603, 0.23713903187179655, 0.32716539601710687)","(221, 90)",0.7600098877753498,0.7928144842473439
,,,13,"(0.0502115224774368, -0.09611663487487537, 0.06200308369112155, 0.16360935937891988)","(221, 90)",1.051397264134324,5.193797157593362
,,,-13,"(0.12497756916999733, -0.21108484584812154, 0.2571259539508943, 0.3707478883790495)","(221, 90)",0.7618818806971256,5.246959174052996
,,,,,,,
,,,-11,"(-0.6329596146149772, 0.37337527789117136, 9.552299626927482, 9.580525841288345)","(-11, 90)",0.07678090417443081,2.6086416311896725
,,,22,"(-0.20687202311455585, 0.2319356906386066, 1.1354971873797932, 1.1772612543895842)","(22, 22)",0.2671605338410669,2.299138828125108
,,,2112,"(0.5064515672181229, -0.45866443204704677, 1.9682757982149717, 2.2855563116890205)","(1, 2101)",0.3341286819600039,5.547261134169673
,,,22,"(0.1581909788639745, 0.16055494424026603, 0.23713903187179655, 0.32716539601710687)","(221, 90)",0.7600098877753498,0.7928144842473439
,,,13,"(0.0502115224774368, -0.09611663487487537, 0.06200308369112155, 0.16360935937891988)","(221, 90)",1.051397264134324,5.193797157593362
,,,-13,"(0.12497756916999733, -0.21108484584812154, 0.2571259539508943, 0.3707478883790495)","(221, 90)",0.7618818806971256,5.246959174052996
,,,,,,,
,,,-11,"(-0.6329596146149772, 0.37337527789117136, 9.552299626927482, 9.580525841288345)","(-11, 90)",0.07678090417443081,2.6086416311896725
,,,22,"(-0.20687202311455585, 0.2319356906386066, 1.1354971873797932, 1.1772612543895842)","(22, 22)",0.2671605338410669,2.299138828125108
,,,2112,"(0.5064515672181229, -0.45866443204704677, 1.9682757982149717, 2.2855563116890205)","(1, 2101)",0.3341286819600039,5.547261134169673
,,,22,"(0.1581909788639745, 0.16055494424026603, 0.23713903187179655, 0.32716539601710687)","(221, 90)",0.7600098877753498,0.7928144842473439
,,,13,"(0.0502115224774368, -0.09611663487487537, 0.06200308369112155, 0.16360935937891988)","(221, 90)",1.051397264134324,5.193797157593362
,,,-13,"(0.12497756916999733, -0.21108484584812154, 0.2571259539508943, 0.3707478883790495)","(221, 90)",0.7618818806971256,5.246959174052996
,,,,,,,
,,,-11,"(-0.022289839243722697, 0.6910312376365952, 1.1213397960094262, 1.3173550043775355)","(-11, 90)",0.5525182905161794,1.6030410538242257
,,,22,"(0.022484635972060962, 0.024929595661767945, 0.04452527816393584, 0.05576328532494474)","(22, 22)",0.6460477524302787,0.8369184763718567
,,,22,"(9.854756613676975e-05, 0.00010436005283575266, 0.00019385855876110015, 0.00024121315101854)","(22, 22)",0.637339848082179,0.8140363072854907
,,,2112,"(-0.5377335707294583, 0.1526665930510724, 1.7091180481081762, 2.028876725923085)","(2212, 90)",0.31609453772653856,2.864964216343125
,,,22,"(-0.1132035410590658, -0.12620786601499312, 0.9128584744824546, 0.9284686648384016)","(111, 90)",0.1836309296207502,3.9812553912570707
,,,22,"(-0.3585838072456494, -0.36898716003133714, 1.741837085932536, 1.8162407067943178)","(111, 90)",0.28722298556420317,3.9412885890777076
,,,13,"(0.06966281257532608, 0.06587694911586044, 1.6767016551137965, 1.6827611701433023)","(223, 90)",0.05712057657037198,0.7574736686404642
,,,-13,"(0.08123491601292804, -0.005436413065440529, 1.6465955845833227, 1.6519896249480328)","(223, 90)",0.049405189950609635,6.216362821430012
,,,22,"(0.15061090552073753, -0.033565813020719294, 0.9644530177420783, 0.976718962699772)","(111, 90)",0.15864860017653043,6.063904462095319
,,,22,"(0.7077189406307081, -0.40041148338564436, 3.9773191430566794, 4.059589021154685)","(111, 90)",0.20166501626458472,5.768309568390136
,,,,,,,
,,,-11,"(-0.022289839243722697, 0.6910312376365952, 1.1213397960094262, 1.3173550043775355)","(-11, 90)",0.5525182905161794,1.6030410538242257
,,,22,"(0.022484635972060962, 0.024929595661767945, 0.04452527816393584, 0.05576328532494474)","(22, 22)",0.6460477524302787,0.8369184763718567
,,,22,"(9.854756613676975e-05, 0.00010436005283575266, 0.00019385855876110015, 0.00024121315101854)","(22, 22)",0.637339848082179,0.8140363072854907
,,,2112,"(-0.5377335707294583, 0.1526665930510724, 1.7091180481081762, 2.028876725923085)","(2212, 90)",0.31609453772653856,2.864964216343125
,,,22,"(-0.1132035410590658, -0.12620786601499312, 0.9128584744824546, 0.9284686648384016)","(111, 90)",0.1836309296207502,3.9812553912570707
,,,22,"(-0.3585838072456494, -0.36898716003133714, 1.741837085932536, 1.8162407067943178)","(111, 90)",0.28722298556420317,3.9412885890777076
,,,13,"(0.06966281257532608, 0.06587694911586044, 1.6767016551137965, 1.6827611701433023)","(223, 90)",0.05712057657037198,0.7574736686404642
,,,-13,"(0.08123491601292804, -0.005436413065440529, 1.6465955845833227, 1.6519896249480328)","(223, 90)",0.049405189950609635,6.216362821430012
,,,22,"(0.15061090552073753, -0.033565813020719294, 0.9644530177420783, 0.976718962699772)","(111, 90)",0.15864860017653043,6.063904462095319
,,,22,"(0.7077189406307081, -0.40041148338564436, 3.9773191430566794, 4.059589021154685)","(111, 90)",0.20166501626458472,5.768309568390136
,,,,,,,
,,,-11,"(-0.022289839243722697, 0.6910312376365952, 1.1213397960094262, 1.3173550043775355)","(-11, 90)",0.5525182905161794,1.6030410538242257
,,,22,"(0.022484635972060962, 0.024929595661767945, 0.04452527816393584, 0.05576328532494474)","(22, 22)",0.6460477524302787,0.8369184763718567
,,,22,"(9.854756613676975e-05, 0.00010436005283575266, 0.00019385855876110015, 0.00024121315101854)","(22, 22)",0.637339848082179,0.8140363072854907
,,,2112,"(-0.5377335707294583, 0.1526665930510724, 1.7091180481081762, 2.028876725923085)","(2212, 90)",0.31609453772653856,2.864964216343125
,,,22,"(-0.1132035410590658, -0.12620786601499312, 0.9128584744824546, 0.9284686648384016)","(111, 90)",0.1836309296207502,3.9812553912570707
,,,22,"(-0.3585838072456494, -0.36898716003133714, 1.741837085932536, 1.8162407067943178)","(111, 90)",0.28722298556420317,3.9412885890777076
,,,13,"(0.06966281257532608, 0.06587694911586044, 1.6767016551137965, 1.6827611701433023)","(223, 90)",0.05712057657037198,0.7574736686404642
,,,-13,"(0.08123491601292804, -0.005436413065440529, 1.6465955845833227, 1.6519896249480328)","(223, 90)",0.049405189950609635,6.216362821430012
,,,22,"(0.15061090552073753, -0.033565813020719294, 0.9644530177420783, 0.976718962699772)","(111, 90)",0.15864860017653043,6.063904462095319
,,,22,"(0.7077189406307081, -0.40041148338564436, 3.9773191430566794, 4.059589021154685)","(111, 90)",0.20166501626458472,5.768309568390136
,,,,,,,
,,,-11,"(-0.022289839243722697, 0.6910312376365952, 1.1213397960094262, 1.3173550043775355)","(-11, 90)",0.5525182905161794,1.6030410538242257
,,,22,"(0.022484635972060962, 0.024929595661767945, 0.04452527816393584, 0.05576328532494474)","(22, 22)",0.6460477524302787,0.8369184763718567
,,,22,"(9.854756613676975e-05, 0.00010436005283575266, 0.00019385855876110015, 0.00024121315101854)","(22, 22)",0.637339848082179,0.8140363072854907
,,,2112,"(-0.5377335707294583, 0.1526665930510724, 1.7091180481081762, 2.028876725923085)","(2212, 90)",0.31609453772653856,2.864964216343125
,,,22,"(-0.1132035410590658, -0.12620786601499312, 0.9128584744824546, 0.9284686648384016)","(111, 90)",0.1836309296207502,3.9812553912570707
,,,22,"(-0.3585838072456494, -0.36898716003133714, 1.741837085932536, 1.8162407067943178)","(111, 90)",0.28722298556420317,3.9412885890777076
,,,13,"(0.06966281257532608, 0.06587694911586044, 1.6767016551137965, 1.6827611701433023)","(223, 90)",0.05712057657037198,0.7574736686404642
,,,-13,"(0.08123491601292804, -0.005436413065440529, 1.6465955845833227, 1.6519896249480328)","(223, 90)",0.049405189950609635,6.216362821430012
,,,22,"(0.15061090552073753, -0.033565813020719294, 0.9644530177420783, 0.976718962699772)","(111, 90)",0.15864860017653043,6.063904462095319
,,,22,"(0.7077189406307081, -0.40041148338564436, 3.9773191430566794, 4.059589021154685)","(111, 90)",0.20166501626458472,5.768309568390136
,,,,,,,
,,,-11,"(-0.022289839243722697, 0.6910312376365952, 1.1213397960094262, 1.3173550043775355)","(-11, 90)",0.5525182905161794,1.6030410538242257
,,,22,"(0.022484635972060962, 0.024929595661767945, 0.04452527816393584, 0.05576328532494474)","(22, 22)",0.6460477524302787,0.8369184763718567
,,,22,"(9.854756613676975e-05, 0.00010436005283575266, 0.00019385855876110015, 0.00024121315101854)","(22, 22)",0.637339848082179,0.8140363072854907
,,,2112,"(-0.5377335707294583, 0.1526665930510724, 1.7091180481081762, 2.028876725923085)","(2212, 90)",0.31609453772653856,2.864964216343125
,,,22,"(-0.1132035410590658, -0.12620786601499312, 0.9128584744824546, 0.9284686648384016)","(111, 90)",0.1836309296207502,3.9812553912570707
,,,22,"(-0.3585838072456494, -0.36898716003133714, 1.741837085932536, 1.8162407067943178)","(111, 90)",0.28722298556420317,3.9412885890777076
,,,13,"(0.06966281257532608, 0.06587694911586044, 1.6767016551137965, 1.6827611701433023)","(223, 90)",0.05712057657037198,0.7574736686404642
,,,-13,"(0.08123491601292804, -0.005436413065440529, 1.6465955845833227, 1.6519896249480328)","(223, 90)",0.049405189950609635,6.216362821430012
,,,22,"(0.15061090552073753, -0.033565813020719294, 0.9644530177420783, 0.976718962699772)","(111, 90)",0.15864860017653043,6.063904462095319
,,,22,"(0.7077189406307081, -0.40041148338564436, 3.9773191430566794, 4.059589021154685)","(111, 90)",0.20166501626458472,5.768309568390136
,,,,,,,
,,,-11,"(-0.022289839243722697, 0.6910312376365952, 1.1213397960094262, 1.3173550043775355)","(-11, 90)",0.5525182905161794,1.6030410538242257
,,,22,"(0.022484635972060962, 0.024929595661767945, 0.04452527816393584, 0.05576328532494474)","(22, 22)",0.6460477524302787,0.8369184763718567
,,,22,"(9.854756613676975e-05, 0.00010436005283575266, 0.00019385855876110015, 0.00024121315101854)","(22, 22)",0.637339848082179,0.8140363072854907
,,,2112,"(-0.5377335707294583, 0.1526665930510724, 1.7091180481081762, 2.028876725923085)","(2212, 90)",0.31609453772653856,2.864964216343125
,,,22,"(-0.1132035410590658, -0.12620786601499312, 0.9128584744824546, 0.9284686648384016)","(111, 90)",0.1836309296207502,3.9812553912570707
,,,22,"(-0.3585838072456494, -0.36898716003133714, 1.741837085932536, 1.8162407067943178)","(111, 90)",0.28722298556420317,3.9412885890777076
,,,13,"(0.06966281257532608, 0.06587694911586044, 1.6767016551137965, 1.6827611701433023)","(223, 90)",0.05712057657037198,0.7574736686404642
,,,-13,"(0.08123491601292804, -0.005436413065440529, 1.6465955845833227, 1.6519896249480328)","(223, 90)",0.049405189950609635,6.216362821430012
,,,22,"(0.15061090552073753, -0.033565813020719294, 0.9644530177420783, 0.976718962699772)","(111, 90)",0.15864860017653043,6.063904462095319
,,,22,"(0.7077189406307081, -0.40041148338564436, 3.9773191430566794, 4.059589021154685)","(111, 90)",0.20166501626458472,5.768309568390136
,,,,,,,
,,,-11,"(-0.022289839243722697, 0.6910312376365952, 1.1213397960094262, 1.3173550043775355)","(-11, 90)",0.5525182905161794,1.6030410538242257
,,,22,"(0.022484635972060962, 0.024929595661767945, 0.04452527816393584, 0.05576328532494474)","(22, 22)",0.6460477524302787,0.8369184763718567
,,,22,"(9.854756613676975e-05, 0.00010436005283575266, 0.00019385855876110015, 0.00024121315101854)","(22, 22)",0.637339848082179,0.8140363072854907
,,,2112,"(-0.5377335707294583, 0.1526665930510724, 1.7091180481081762, 2.028876725923085)","(2212, 90)",0.31609453772653856,2.864964216343125
,,,22,"(-0.1132035410590658, -0.12620786601499312, 0.9128584744824546, 0.9284686648384016)","(111, 90)",0.1836309296207502,3.9812553912570707
,,,22,"(-0.3585838072456494, -0.36898716003133714, 1.741837085932536, 1.8162407067943178)","(111, 90)",0.28722298556420317,3.9412885890777076
,,,13,"(0.06966281257532608, 0.06587694911586044, 1.6767016551137965, 1.6827611701433023)","(223, 90)",0.05712057657037198,0.7574736686404642
,,,-13,"(0.08123491601292804, -0.005436413065440529, 1.6465955845833227, 1.6519896249480328)","(223, 90)",0.049405189950609635,6.216362821430012
,,,22,"(0.15061090552073753, -0.033565813020719294, 0.9644530177420783, 0.976718962699772)","(111, 90)",0.15864860017653043,6.063904462095319
,,,22,"(0.7077189406307081, -0.40041148338564436, 3.9773191430566794, 4.059589021154685)","(111, 90)",0.20166501626458472,5.768309568390136
,,,,,,,
,,,-11,"(-0.022289839243722697, 0.6910312376365952, 1.1213397960094262, 1.3173550043775355)","(-11, 90)",0.5525182905161794,1.6030410538242257
,,,22,"(0.022484635972060962, 0.024929595661767945, 0.04452527816393584, 0.05576328532494474)","(22, 22)",0.6460477524302787,0.8369184763718567
,,,22,"(9.854756613676975e-05, 0.00010436005283575266, 0.00019385855876110015, 0.00024121315101854)","(22, 22)",0.637339848082179,0.8140363072854907
,,,2112,"(-0.5377335707294583, 0.1526665930510724, 1.7091180481081762, 2.028876725923085)","(2212, 90)",0.31609453772653856,2.864964216343125
,,,22,"(-0.1132035410590658, -0.12620786601499312, 0.9128584744824546, 0.9284686648384016)","(111, 90)",0.1836309296207502,3.9812553912570707
,,,22,"(-0.3585838072456494, -0.36898716003133714, 1.741837085932536, 1.8162407067943178)","(111, 90)",0.28722298556420317,3.9412885890777076
,,,13,"(0.06966281257532608, 0.06587694911586044, 1.6767016551137965, 1.6827611701433023)","(223, 90)",0.05712057657037198,0.7574736686404642
,,,-13,"(0.08123491601292804, -0.005436413065440529, 1.6465955845833227, 1.6519896249480328)","(223, 90)",0.049405189950609635,6.216362821430012
,,,22,"(0.15061090552073753, -0.033565813020719294, 0.9644530177420783, 0.976718962699772)","(111, 90)",0.15864860017653043,6.063904462095319
,,,22,"(0.7077189406307081, -0.40041148338564436, 3.9773191430566794, 4.059589021154685)","(111, 90)",0.20166501626458472,5.768309568390136
,,,,,,,
,,,-11,"(-0.6343570965857352, 1.5279851033097775, 9.446450372499044, 9.590233172511166)","(-12, 2)",0.1733795859868805,1.9643023038630467
,,,2112,"(0.21279635220035636, -1.547633429301492, 4.169800246288409, 4.550876552692696)","(1, 2103)",0.3584593259836009,4.849030085457329
,,,13,"(0.2747145430176945, -0.023743552836780285, 1.4061296783164245, 1.4368008018820786)","(223, 90)",0.19364048957055824,6.196969653308422
,,,-13,"(0.14684620136768453, 0.04339187882849929, -0.03958841490314885, 0.19020499519973041)","(223, 90)",1.8237962667464434,0.2873159074039237
,,,,,,,
,,,-11,"(-0.6343570965857352, 1.5279851033097775, 9.446450372499044, 9.590233172511166)","(-12, 2)",0.1733795859868805,1.9643023038630467
,,,2112,"(0.21279635220035636, -1.547633429301492, 4.169800246288409, 4.550876552692696)","(1, 2103)",0.3584593259836009,4.849030085457329
,,,13,"(0.2747145430176945, -0.023743552836780285, 1.4061296783164245, 1.4368008018820786)","(223, 90)",0.19364048957055824,6.196969653308422
,,,-13,"(0.14684620136768453, 0.04339187882849929, -0.03958841490314885, 0.19020499519973041)","(223, 90)",1.8237962667464434,0.2873159074039237
,,,,,,,
,,,-11,"(-0.6343570965857352, 1.5279851033097775, 9.446450372499044, 9.590233172511166)","(-12, 2)",0.1733795859868805,1.9643023038630467
,,,2112,"(0.21279635220035636, -1.547633429301492, 4.169800246288409, 4.550876552692696)","(1, 2103)",0.3584593259836009,4.849030085457329
,,,13,"(0.2747145430176945, -0.023743552836780285, 1.4061296783164245, 1.4368008018820786)","(223, 90)",0.19364048957055824,6.196969653308422
,,,-13,"(0.14684620136768453, 0.04339187882849929, -0.03958841490314885, 0.19020499519973041)","(223, 90)",1.8237962667464434,0.2873159074039237
,,,,,,,
,,,-11,"(-0.6343570965857352, 1.5279851033097775, 9.446450372499044, 9.590233172511166)","(-12, 2)",0.1733795859868805,1.9643023038630467
,,,2112,"(0.21279635220035636, -1.547633429301492, 4.169800246288409, 4.550876552692696)","(1, 2103)",0.3584593259836009,4.849030085457329
,,,13,"(0.2747145430176945, -0.023743552836780285, 1.4061296783164245, 1.4368008018820786)","(223, 90)",0.19364048957055824,6.196969653308422
,,,-13,"(0.14684620136768453, 0.04339187882849929, -0.03958841490314885, 0.19020499519973041)","(223, 90)",1.8237962667464434,0.2873159074039237
,,,,,,,
,,,-11,"(-0.6343570965857352, 1.5279851033097775, 9.446450372499044, 9.590233172511166)","(-12, 2)",0.1733795859868805,1.9643023038630467
,,,2112,"(0.21279635220035636, -1.547633429301492, 4.169800246288409, 4.550876552692696)","(1, 2103)",0.3584593259836009,4.849030085457329
,,,13,"(0.2747145430176945, -0.023743552836780285, 1.4061296783164245, 1.4368008018820786)","(223, 90)",0.19364048957055824,6.196969653308422
,,,-13,"(0.14684620136768453, 0.04339187882849929, -0.03958841490314885, 0.19020499519973041)","(223, 90)",1.8237962667464434,0.2873159074039237
,,,,,,,
,,,-11,"(-0.6343570965857352, 1.5279851033097775, 9.446450372499044, 9.590233172511166)","(-12, 2)",0.1733795859868805,1.9643023038630467
,,,2112,"(0.21279635220035636, -1.547633429301492, 4.169800246288409, 4.550876552692696)","(1, 2103)",0.3584593259836009,4.849030085457329
,,,13,"(0.2747145430176945, -0.023743552836780285, 1.4061296783164245, 1.4368008018820786)","(223, 90)",0.19364048957055824,6.196969653308422
,,,-13,"(0.14684620136768453, 0.04339187882849929, -0.03958841490314885, 0.19020499519973041)","(223, 90)",1.8237962667464434,0.2873159074039237
,,,,,,,
,,,-11,"(-0.6343570965857352, 1.5279851033097775, 9.446450372499044, 9.590233172511166)","(-12, 2)",0.1733795859868805,1.9643023038630467
,,,2112,"(0.21279635220035636, -1.547633429301492, 4.169800246288409, 4.550876552692696)","(1, 2103)",0.3584593259836009,4.849030085457329
,,,13,"(0.2747145430176945, -0.023743552836780285, 1.4061296783164245, 1.4368008018820786)","(223, 90)",0.19364048957055824,6.196969653308422
,,,-13,"(0.14684620136768453, 0.04339187882849929, -0.03958841490314885, 0.19020499519973041)","(223, 90)",1.8237962667464434,0.2873159074039237
,,,,,,,
,,,-11,"(-0.6343570965857352, 1.5279851033097775, 9.446450372499044, 9.590233172511166)","(-12, 2)",0.1733795859868805,1.9643023038630467
,,,2112,"(0.21279635220035636, -1.547633429301492, 4.169800246288409, 4.550876552692696)","(1, 2103)",0.3584593259836009,4.849030085457329
,,,13,"(0.2747145430176945, -0.023743552836780285, 1.4061296783164245, 1.4368008018820786)","(223, 90)",0.19364048957055824,6.196969653308422
,,,-13,"(0.14684620136768453, 0.04339187882849929, -0.03958841490314885, 0.19020499519973041)","(223, 90)",1.8237962667464434,0.2873159074039237
,,,,,,,
,,,-11,"(1.449873879641894, -0.17587079706901992, 6.325051747682763, 6.491482471370874)","(-12, -1)",0.22693007303442672,6.162474288568772
,,,-211,"(-0.4904656178856789, -0.6255083554838233, 1.3073209977803533, 1.5363545167849364)","(1, -2)",0.5462912321967619,4.047414162016516
,,,2212,"(0.37575335784321245, 0.3251091300362536, 1.398021842757814, 1.7554777691817496)","(2214, 90)",0.34148997055146435,0.7132636752010427
,,,22,"(0.002579857987213118, 0.026609226840501106, 0.03030812850004211, 0.04041397374001348)","(221, 90)",0.7228222227696737,1.4741449002411793
,,,13,"(-0.7616594306434795, 0.16470045693107835, 4.269644953682306, 4.341460974707277)","(221, 90)",0.18052546086482588,2.928632558824266
,,,-13,"(-0.398472261743111, 0.2593897734689916, 3.796683153930257, 3.8277970433261954)","(221, 90)",0.12458207357129271,2.5645423849661495
,,,22,"(-0.18228479696986694, 0.030120062881260387, 0.4423967587746223, 0.47942659247126457)","(111, 90)",0.39560848113237584,2.9778360197049074
,,,22,"(0.004675011769821203, -0.004549497605233778, -0.007546118891922679, 0.009974847058427837)","(111, 90)",2.4287635622653045,5.51139289932654
,,,,,,,
,,,-11,"(1.449873879641894, -0.17587079706901992, 6.325051747682763, 6.491482471370874)","(-12, -1)",0.22693007303442672,6.162474288568772
,,,-211,"(-0.4904656178856789, -0.6255083554838233, 1.3073209977803533, 1.5363545167849364)","(1, -2)",0.5462912321967619,4.047414162016516
,,,2212,"(0.37575335784321245, 0.3251091300362536, 1.398021842757814, 1.7554777691817496)","(2214, 90)",0.34148997055146435,0.7132636752010427
,,,22,"(0.002579857987213118, 0.026609226840501106, 0.03030812850004211, 0.04041397374001348)","(221, 90)",0.7228222227696737,1.4741449002411793
,,,13,"(-0.7616594306434795, 0.16470045693107835, 4.269644953682306, 4.341460974707277)","(221, 90)",0.18052546086482588,2.928632558824266
,,,-13,"(-0.398472261743111, 0.2593897734689916, 3.796683153930257, 3.8277970433261954)","(221, 90)",0.12458207357129271,2.5645423849661495
,,,22,"(-0.18228479696986694, 0.030120062881260387, 0.4423967587746223, 0.47942659247126457)","(111, 90)",0.39560848113237584,2.9778360197049074
,,,22,"(0.004675011769821203, -0.004549497605233778, -0.007546118891922679, 0.009974847058427837)","(111, 90)",2.4287635622653045,5.51139289932654
,,,,,,,
,,,-11,"(1.449873879641894, -0.17587079706901992, 6.325051747682763, 6.491482471370874)","(-12, -1)",0.22693007303442672,6.162474288568772
,,,-211,"(-0.4904656178856789, -0.6255083554838233, 1.3073209977803533, 1.5363545167849364)","(1, -2)",0.5462912321967619,4.047414162016516
,,,2212,"(0.37575335784321245, 0.3251091300362536, 1.398021842757814, 1.7554777691817496)","(2214, 90)",0.34148997055146435,0.7132636752010427
,,,22,"(0.002579857987213118, 0.026609226840501106, 0.03030812850004211, 0.04041397374001348)","(221, 90)",0.7228222227696737,1.4741449002411793
,,,13,"(-0.7616594306434795, 0.16470045693107835, 4.269644953682306, 4.341460974707277)","(221, 90)",0.18052546086482588,2.928632558824266
,,,-13,"(-0.398472261743111, 0.2593897734689916, 3.796683153930257, 3.8277970433261954)","(221, 90)",0.12458207357129271,2.5645423849661495
,,,22,"(-0.18228479696986694, 0.030120062881260387, 0.4423967587746223, 0.47942659247126457)","(111, 90)",0.39560848113237584,2.9778360197049074
,,,22,"(0.004675011769821203, -0.004549497605233778, -0.007546118891922679, 0.009974847058427837)","(111, 90)",2.4287635622653045,5.51139289932654
,,,,,,,
,,,-11,"(1.449873879641894, -0.17587079706901992, 6.325051747682763, 6.491482471370874)","(-12, -1)",0.22693007303442672,6.162474288568772
,,,-211,"(-0.4904656178856789, -0.6255083554838233, 1.3073209977803533, 1.5363545167849364)","(1, -2)",0.5462912321967619,4.047414162016516
,,,2212,"(0.37575335784321245, 0.3251091300362536, 1.398021842757814, 1.7554777691817496)","(2214, 90)",0.34148997055146435,0.7132636752010427
,,,22,"(0.002579857987213118, 0.026609226840501106, 0.03030812850004211, 0.04041397374001348)","(221, 90)",0.7228222227696737,1.4741449002411793
,,,13,"(-0.7616594306434795, 0.16470045693107835, 4.269644953682306, 4.341460974707277)","(221, 90)",0.18052546086482588,2.928632558824266
,,,-13,"(-0.398472261743111, 0.2593897734689916, 3.796683153930257, 3.8277970433261954)","(221, 90)",0.12458207357129271,2.5645423849661495
,,,22,"(-0.18228479696986694, 0.030120062881260387, 0.4423967587746223, 0.47942659247126457)","(111, 90)",0.39560848113237584,2.9778360197049074
,,,22,"(0.004675011769821203, -0.004549497605233778, -0.007546118891922679, 0.009974847058427837)","(111, 90)",2.4287635622653045,5.51139289932654
,,,,,,,
,,,-11,"(1.449873879641894, -0.17587079706901992, 6.325051747682763, 6.491482471370874)","(-12, -1)",0.22693007303442672,6.162474288568772
,,,-211,"(-0.4904656178856789, -0.6255083554838233, 1.3073209977803533, 1.5363545167849364)","(1, -2)",0.5462912321967619,4.047414162016516
,,,2212,"(0.37575335784321245, 0.3251091300362536, 1.398021842757814, 1.7554777691817496)","(2214, 90)",0.34148997055146435,0.7132636752010427
,,,22,"(0.002579857987213118, 0.026609226840501106, 0.03030812850004211, 0.04041397374001348)","(221, 90)",0.7228222227696737,1.4741449002411793
,,,13,"(-0.7616594306434795, 0.16470045693107835, 4.269644953682306, 4.341460974707277)","(221, 90)",0.18052546086482588,2.928632558824266
,,,-13,"(-0.398472261743111, 0.2593897734689916, 3.796683153930257, 3.8277970433261954)","(221, 90)",0.12458207357129271,2.5645423849661495
,,,22,"(-0.18228479696986694, 0.030120062881260387, 0.4423967587746223, 0.47942659247126457)","(111, 90)",0.39560848113237584,2.9778360197049074
,,,22,"(0.004675011769821203, -0.004549497605233778, -0.007546118891922679, 0.009974847058427837)","(111, 90)",2.4287635622653045,5.51139289932654
,,,,,,,
,,,-11,"(1.449873879641894, -0.17587079706901992, 6.325051747682763, 6.491482471370874)","(-12, -1)",0.22693007303442672,6.162474288568772
,,,-211,"(-0.4904656178856789, -0.6255083554838233, 1.3073209977803533, 1.5363545167849364)","(1, -2)",0.5462912321967619,4.047414162016516
,,,2212,"(0.37575335784321245, 0.3251091300362536, 1.398021842757814, 1.7554777691817496)","(2214, 90)",0.34148997055146435,0.7132636752010427
,,,22,"(0.002579857987213118, 0.026609226840501106, 0.03030812850004211, 0.04041397374001348)","(221, 90)",0.7228222227696737,1.4741449002411793
,,,13,"(-0.7616594306434795, 0.16470045693107835, 4.269644953682306, 4.341460974707277)","(221, 90)",0.18052546086482588,2.928632558824266
,,,-13,"(-0.398472261743111, 0.2593897734689916, 3.796683153930257, 3.8277970433261954)","(221, 90)",0.12458207357129271,2.5645423849661495
,,,22,"(-0.18228479696986694, 0.030120062881260387, 0.4423967587746223, 0.47942659247126457)","(111, 90)",0.39560848113237584,2.9778360197049074
,,,22,"(0.004675011769821203, -0.004549497605233778, -0.007546118891922679, 0.009974847058427837)","(111, 90)",2.4287635622653045,5.51139289932654
,,,,,,,
,,,-11,"(1.449873879641894, -0.17587079706901992, 6.325051747682763, 6.491482471370874)","(-12, -1)",0.22693007303442672,6.162474288568772
,,,-211,"(-0.4904656178856789, -0.6255083554838233, 1.3073209977803533, 1.5363545167849364)","(1, -2)",0.5462912321967619,4.047414162016516
,,,2212,"(0.37575335784321245, 0.3251091300362536, 1.398021842757814, 1.7554777691817496)","(2214, 90)",0.34148997055146435,0.7132636752010427
,,,22,"(0.002579857987213118, 0.026609226840501106, 0.03030812850004211, 0.04041397374001348)","(221, 90)",0.7228222227696737,1.4741449002411793
,,,13,"(-0.7616594306434795, 0.16470045693107835, 4.269644953682306, 4.341460974707277)","(221, 90)",0.18052546086482588,2.928632558824266
,,,-13,"(-0.398472261743111, 0.2593897734689916, 3.796683153930257, 3.8277970433261954)","(221, 90)",0.12458207357129271,2.5645423849661495
,,,22,"(-0.18228479696986694, 0.030120062881260387, 0.4423967587746223, 0.47942659247126457)","(111, 90)",0.39560848113237584,2.9778360197049074
,,,22,"(0.004675011769821203, -0.004549497605233778, -0.007546118891922679, 0.009974847058427837)","(111, 90)",2.4287635622653045,5.51139289932654
,,,,,,,
,,,-11,"(1.449873879641894, -0.17587079706901992, 6.325051747682763, 6.491482471370874)","(-12, -1)",0.22693007303442672,6.162474288568772
,,,-211,"(-0.4904656178856789, -0.6255083554838233, 1.3073209977803533, 1.5363545167849364)","(1, -2)",0.5462912321967619,4.047414162016516
,,,2212,"(0.37575335784321245, 0.3251091300362536, 1.398021842757814, 1.7554777691817496)","(2214, 90)",0.34148997055146435,0.7132636752010427
,,,22,"(0.002579857987213118, 0.026609226840501106, 0.03030812850004211, 0.04041397374001348)","(221, 90)",0.7228222227696737,1.4741449002411793
,,,13,"(-0.7616594306434795, 0.16470045693107835, 4.269644953682306, 4.341460974707277)","(221, 90)",0.18052546086482588,2.928632558824266
,,,-13,"(-0.398472261743111, 0.2593897734689916, 3.796683153930257, 3.8277970433261954)","(221, 90)",0.12458207357129271,2.5645423849661495
,,,22,"(-0.18228479696986694, 0.030120062881260387, 0.4423967587746223, 0.47942659247126457)","(111, 90)",0.39560848113237584,2.9778360197049074
,,,22,"(0.004675011769821203, -0.004549497605233778, -0.007546118891922679, 0.009974847058427837)","(111, 90)",2.4287635622653045,5.51139289932654
,,,,,,,
,,,-11,"(-0.06946162066846441, 1.0723664309645704, 11.215980387073438, 11.267342676218853)","(-11, 90)",0.09551938098226218,1.6354801102619034
,,,22,"(-0.018444519262890098, 0.06931373592086497, 0.3303518049808506, 0.33804867893877716)","(22, 22)",0.21380115443715975,1.8308714055098183
,,,22,"(-0.0031919362099492817, 0.016088576371133225, 0.07593322554268968, 0.07768452540715655)","(22, 22)",0.2127390790368632,1.7666507196724868
,,,22,"(-8.679066002178565e-05, 0.00033999267672731265, 0.0015190838190804945, 0.0015590841184129228)","(22, 22)",0.22700988832458313,1.8207308208036859
,,,2112,"(0.3230222722159657, -0.4850048448809127, 2.4346635967496413, 2.6739393602218104)","(1, 2101)",0.23492728751571668,5.29994282308587
,,,211,"(0.03019212979146707, 0.005150775459329113, 0.07141285767746372, 0.15974253137733507)","(221, 90)",0.4051618288621827,0.1689731857206579
,,,-211,"(0.2984081977234152, 0.22016577202092458, 0.5600391491720731, 0.6860350232630152)","(221, 90)",0.5848785115123155,0.6356477193968821
,,,13,"(-0.016361392962946072, -0.022894118690177823, 0.5355010817611497, 0.5465503453641297)","(223, 90)",0.052499838249861604,4.091895109240396
,,,-13,"(-0.08089621574590829, -0.49845875262354206, 0.942826714319947, 1.0747518665368174)","(223, 90)",0.49172245786641283,4.551499051351033
,,,22,"(-0.012996162009881525, -0.017259730250112716, 0.17028502958511252, 0.17165019608522558)","(111, 90)",0.12620423054019259,4.066985974220092
,,,22,"(0.06344495871464784, 0.04112612890396647, 0.04338222652428134, 0.08717017175119648)","(111, 90)",1.0498826515393584,0.5751210840223144
,,,22,"(-0.31389673720035094, -0.21092216594635058, 0.44918361166750675, 0.587184160807486)","(111, 90)",0.6997874455217493,3.7332423971473343
,,,22,"(-0.1997321837250836, -0.19001179992642186, 0.5180959332314868, 0.5868737729340736)","(111, 90)",0.4889928159722644,3.902055553027003
,,,,,,,
,,,-11,"(-0.06946162066846441, 1.0723664309645704, 11.215980387073438, 11.267342676218853)","(-11, 90)",0.09551938098226218,1.6354801102619034
,,,22,"(-0.018444519262890098, 0.06931373592086497, 0.3303518049808506, 0.33804867893877716)","(22, 22)",0.21380115443715975,1.8308714055098183
,,,22,"(-0.0031919362099492817, 0.016088576371133225, 0.07593322554268968, 0.07768452540715655)","(22, 22)",0.2127390790368632,1.7666507196724868
,,,22,"(-8.679066002178565e-05, 0.00033999267672731265, 0.0015190838190804945, 0.0015590841184129228)","(22, 22)",0.22700988832458313,1.8207308208036859
,,,2112,"(0.3230222722159657, -0.4850048448809127, 2.4346635967496413, 2.6739393602218104)","(1, 2101)",0.23492728751571668,5.29994282308587
,,,211,"(0.03019212979146707, 0.005150775459329113, 0.07141285767746372, 0.15974253137733507)","(221, 90)",0.4051618288621827,0.1689731857206579
,,,-211,"(0.2984081977234152, 0.22016577202092458, 0.5600391491720731, 0.6860350232630152)","(221, 90)",0.5848785115123155,0.6356477193968821
,,,13,"(-0.016361392962946072, -0.022894118690177823, 0.5355010817611497, 0.5465503453641297)","(223, 90)",0.052499838249861604,4.091895109240396
,,,-13,"(-0.08089621574590829, -0.49845875262354206, 0.942826714319947, 1.0747518665368174)","(223, 90)",0.49172245786641283,4.551499051351033
,,,22,"(-0.012996162009881525, -0.017259730250112716, 0.17028502958511252, 0.17165019608522558)","(111, 90)",0.12620423054019259,4.066985974220092
,,,22,"(0.06344495871464784, 0.04112612890396647, 0.04338222652428134, 0.08717017175119648)","(111, 90)",1.0498826515393584,0.5751210840223144
,,,22,"(-0.31389673720035094, -0.21092216594635058, 0.44918361166750675, 0.587184160807486)","(111, 90)",0.6997874455217493,3.7332423971473343
,,,22,"(-0.1997321837250836, -0.19001179992642186, 0.5180959332314868, 0.5868737729340736)","(111, 90)",0.4889928159722644,3.902055553027003
,,,,,,,
,,,-11,"(-0.06946162066846441, 1.0723664309645704, 11.215980387073438, 11.267342676218853)","(-11, 90)",0.09551938098226218,1.6354801102619034
,,,22,"(-0.018444519262890098, 0.06931373592086497, 0.3303518049808506, 0.33804867893877716)","(22, 22)",0.21380115443715975,1.8308714055098183
,,,22,"(-0.0031919362099492817, 0.016088576371133225, 0.07593322554268968, 0.07768452540715655)","(22, 22)",0.2127390790368632,1.7666507196724868
,,,22,"(-8.679066002178565e-05, 0.00033999267672731265, 0.0015190838190804945, 0.0015590841184129228)","(22, 22)",0.22700988832458313,1.8207308208036859
,,,2112,"(0.3230222722159657, -0.4850048448809127, 2.4346635967496413, 2.6739393602218104)","(1, 2101)",0.23492728751571668,5.29994282308587
,,,211,"(0.03019212979146707, 0.005150775459329113, 0.07141285767746372, 0.15974253137733507)","(221, 90)",0.4051618288621827,0.1689731857206579
,,,-211,"(0.2984081977234152, 0.22016577202092458, 0.5600391491720731, 0.6860350232630152)","(221, 90)",0.5848785115123155,0.6356477193968821
,,,13,"(-0.016361392962946072, -0.022894118690177823, 0.5355010817611497, 0.5465503453641297)","(223, 90)",0.052499838249861604,4.091895109240396
,,,-13,"(-0.08089621574590829, -0.49845875262354206, 0.942826714319947, 1.0747518665368174)","(223, 90)",0.49172245786641283,4.551499051351033
,,,22,"(-0.012996162009881525, -0.017259730250112716, 0.17028502958511252, 0.17165019608522558)","(111, 90)",0.12620423054019259,4.066985974220092
,,,22,"(0.06344495871464784, 0.04112612890396647, 0.04338222652428134, 0.08717017175119648)","(111, 90)",1.0498826515393584,0.5751210840223144
,,,22,"(-0.31389673720035094, -0.21092216594635058, 0.44918361166750675, 0.587184160807486)","(111, 90)",0.6997874455217493,3.7332423971473343
,,,22,"(-0.1997321837250836, -0.19001179992642186, 0.5180959332314868, 0.5868737729340736)","(111, 90)",0.4889928159722644,3.902055553027003
,,,,,,,
,,,-11,"(-0.06946162066846441, 1.0723664309645704, 11.215980387073438, 11.267342676218853)","(-11, 90)",0.09551938098226218,1.6354801102619034
,,,22,"(-0.018444519262890098, 0.06931373592086497, 0.3303518049808506, 0.33804867893877716)","(22, 22)",0.21380115443715975,1.8308714055098183
,,,22,"(-0.0031919362099492817, 0.016088576371133225, 0.07593322554268968, 0.07768452540715655)","(22, 22)",0.2127390790368632,1.7666507196724868
,,,22,"(-8.679066002178565e-05, 0.00033999267672731265, 0.0015190838190804945, 0.0015590841184129228)","(22, 22)",0.22700988832458313,1.8207308208036859
,,,2112,"(0.3230222722159657, -0.4850048448809127, 2.4346635967496413, 2.6739393602218104)","(1, 2101)",0.23492728751571668,5.29994282308587
,,,211,"(0.03019212979146707, 0.005150775459329113, 0.07141285767746372, 0.15974253137733507)","(221, 90)",0.4051618288621827,0.1689731857206579
,,,-211,"(0.2984081977234152, 0.22016577202092458, 0.5600391491720731, 0.6860350232630152)","(221, 90)",0.5848785115123155,0.6356477193968821
,,,13,"(-0.016361392962946072, -0.022894118690177823, 0.5355010817611497, 0.5465503453641297)","(223, 90)",0.052499838249861604,4.091895109240396
,,,-13,"(-0.08089621574590829, -0.49845875262354206, 0.942826714319947, 1.0747518665368174)","(223, 90)",0.49172245786641283,4.551499051351033
,,,22,"(-0.012996162009881525, -0.017259730250112716, 0.17028502958511252, 0.17165019608522558)","(111, 90)",0.12620423054019259,4.066985974220092
,,,22,"(0.06344495871464784, 0.04112612890396647, 0.04338222652428134, 0.08717017175119648)","(111, 90)",1.0498826515393584,0.5751210840223144
,,,22,"(-0.31389673720035094, -0.21092216594635058, 0.44918361166750675, 0.587184160807486)","(111, 90)",0.6997874455217493,3.7332423971473343
,,,22,"(-0.1997321837250836, -0.19001179992642186, 0.5180959332314868, 0.5868737729340736)","(111, 90)",0.4889928159722644,3.902055553027003
,,,,,,,
,,,-11,"(-0.06946162066846441, 1.0723664309645704, 11.215980387073438, 11.267342676218853)","(-11, 90)",0.09551938098226218,1.6354801102619034
,,,22,"(-0.018444519262890098, 0.06931373592086497, 0.3303518049808506, 0.33804867893877716)","(22, 22)",0.21380115443715975,1.8308714055098183
,,,22,"(-0.0031919362099492817, 0.016088576371133225, 0.07593322554268968, 0.07768452540715655)","(22, 22)",0.2127390790368632,1.7666507196724868
,,,22,"(-8.679066002178565e-05, 0.00033999267672731265, 0.0015190838190804945, 0.0015590841184129228)","(22, 22)",0.22700988832458313,1.8207308208036859
,,,2112,"(0.3230222722159657, -0.4850048448809127, 2.4346635967496413, 2.6739393602218104)","(1, 2101)",0.23492728751571668,5.29994282308587
,,,211,"(0.03019212979146707, 0.005150775459329113, 0.07141285767746372, 0.15974253137733507)","(221, 90)",0.4051618288621827,0.1689731857206579
,,,-211,"(0.2984081977234152, 0.22016577202092458, 0.5600391491720731, 0.6860350232630152)","(221, 90)",0.5848785115123155,0.6356477193968821
,,,13,"(-0.016361392962946072, -0.022894118690177823, 0.5355010817611497, 0.5465503453641297)","(223, 90)",0.052499838249861604,4.091895109240396
,,,-13,"(-0.08089621574590829, -0.49845875262354206, 0.942826714319947, 1.0747518665368174)","(223, 90)",0.49172245786641283,4.551499051351033
,,,22,"(-0.012996162009881525, -0.017259730250112716, 0.17028502958511252, 0.17165019608522558)","(111, 90)",0.12620423054019259,4.066985974220092
,,,22,"(0.06344495871464784, 0.04112612890396647, 0.04338222652428134, 0.08717017175119648)","(111, 90)",1.0498826515393584,0.5751210840223144
,,,22,"(-0.31389673720035094, -0.21092216594635058, 0.44918361166750675, 0.587184160807486)","(111, 90)",0.6997874455217493,3.7332423971473343
,,,22,"(-0.1997321837250836, -0.19001179992642186, 0.5180959332314868, 0.5868737729340736)","(111, 90)",0.4889928159722644,3.902055553027003
,,,,,,,
,,,-11,"(-0.06946162066846441, 1.0723664309645704, 11.215980387073438, 11.267342676218853)","(-11, 90)",0.09551938098226218,1.6354801102619034
,,,22,"(-0.018444519262890098, 0.06931373592086497, 0.3303518049808506, 0.33804867893877716)","(22, 22)",0.21380115443715975,1.8308714055098183
,,,22,"(-0.0031919362099492817, 0.016088576371133225, 0.07593322554268968, 0.07768452540715655)","(22, 22)",0.2127390790368632,1.7666507196724868
,,,22,"(-8.679066002178565e-05, 0.00033999267672731265, 0.0015190838190804945, 0.0015590841184129228)","(22, 22)",0.22700988832458313,1.8207308208036859
,,,2112,"(0.3230222722159657, -0.4850048448809127, 2.4346635967496413, 2.6739393602218104)","(1, 2101)",0.23492728751571668,5.29994282308587
,,,211,"(0.03019212979146707, 0.005150775459329113, 0.07141285767746372, 0.15974253137733507)","(221, 90)",0.4051618288621827,0.1689731857206579
,,,-211,"(0.2984081977234152, 0.22016577202092458, 0.5600391491720731, 0.6860350232630152)","(221, 90)",0.5848785115123155,0.6356477193968821
,,,13,"(-0.016361392962946072, -0.022894118690177823, 0.5355010817611497, 0.5465503453641297)","(223, 90)",0.052499838249861604,4.091895109240396
,,,-13,"(-0.08089621574590829, -0.49845875262354206, 0.942826714319947, 1.0747518665368174)","(223, 90)",0.49172245786641283,4.551499051351033
,,,22,"(-0.012996162009881525, -0.017259730250112716, 0.17028502958511252, 0.17165019608522558)","(111, 90)",0.12620423054019259,4.066985974220092
,,,22,"(0.06344495871464784, 0.04112612890396647, 0.04338222652428134, 0.08717017175119648)","(111, 90)",1.0498826515393584,0.5751210840223144
,,,22,"(-0.31389673720035094, -0.21092216594635058, 0.44918361166750675, 0.587184160807486)","(111, 90)",0.6997874455217493,3.7332423971473343
,,,22,"(-0.1997321837250836, -0.19001179992642186, 0.5180959332314868, 0.5868737729340736)","(111, 90)",0.4889928159722644,3.902055553027003
,,,,,,,
,,,-11,"(-0.06946162066846441, 1.0723664309645704, 11.215980387073438, 11.267342676218853)","(-11, 90)",0.09551938098226218,1.6354801102619034
,,,22,"(-0.018444519262890098, 0.06931373592086497, 0.3303518049808506, 0.33804867893877716)","(22, 22)",0.21380115443715975,1.8308714055098183
,,,22,"(-0.0031919362099492817, 0.016088576371133225, 0.07593322554268968, 0.07768452540715655)","(22, 22)",0.2127390790368632,1.7666507196724868
,,,22,"(-8.679066002178565e-05, 0.00033999267672731265, 0.0015190838190804945, 0.0015590841184129228)","(22, 22)",0.22700988832458313,1.8207308208036859
,,,2112,"(0.3230222722159657, -0.4850048448809127, 2.4346635967496413, 2.6739393602218104)","(1, 2101)",0.23492728751571668,5.29994282308587
,,,211,"(0.03019212979146707, 0.005150775459329113, 0.07141285767746372, 0.15974253137733507)","(221, 90)",0.4051618288621827,0.1689731857206579
,,,-211,"(0.2984081977234152, 0.22016577202092458, 0.5600391491720731, 0.6860350232630152)","(221, 90)",0.5848785115123155,0.6356477193968821
,,,13,"(-0.016361392962946072, -0.022894118690177823, 0.5355010817611497, 0.5465503453641297)","(223, 90)",0.052499838249861604,4.091895109240396
,,,-13,"(-0.08089621574590829, -0.49845875262354206, 0.942826714319947, 1.0747518665368174)","(223, 90)",0.49172245786641283,4.551499051351033
,,,22,"(-0.012996162009881525, -0.017259730250112716, 0.17028502958511252, 0.17165019608522558)","(111, 90)",0.12620423054019259,4.066985974220092
,,,22,"(0.06344495871464784, 0.04112612890396647, 0.04338222652428134, 0.08717017175119648)","(111, 90)",1.0498826515393584,0.5751210840223144
,,,22,"(-0.31389673720035094, -0.21092216594635058, 0.44918361166750675, 0.587184160807486)","(111, 90)",0.6997874455217493,3.7332423971473343
,,,22,"(-0.1997321837250836, -0.19001179992642186, 0.5180959332314868, 0.5868737729340736)","(111, 90)",0.4889928159722644,3.902055553027003
,,,,,,,
,,,-11,"(-0.06946162066846441, 1.0723664309645704, 11.215980387073438, 11.267342676218853)","(-11, 90)",0.09551938098226218,1.6354801102619034
,,,22,"(-0.018444519262890098, 0.06931373592086497, 0.3303518049808506, 0.33804867893877716)","(22, 22)",0.21380115443715975,1.8308714055098183
,,,22,"(-0.0031919362099492817, 0.016088576371133225, 0.07593322554268968, 0.07768452540715655)","(22, 22)",0.2127390790368632,1.7666507196724868
,,,22,"(-8.679066002178565e-05, 0.00033999267672731265, 0.0015190838190804945, 0.0015590841184129228)","(22, 22)",0.22700988832458313,1.8207308208036859
,,,2112,"(0.3230222722159657, -0.4850048448809127, 2.4346635967496413, 2.6739393602218104)","(1, 2101)",0.23492728751571668,5.29994282308587
,,,211,"(0.03019212979146707, 0.005150775459329113, 0.07141285767746372, 0.15974253137733507)","(221, 90)",0.4051618288621827,0.1689731857206579
,,,-211,"(0.2984081977234152, 0.22016577202092458, 0.5600391491720731, 0.6860350232630152)","(221, 90)",0.5848785115123155,0.6356477193968821
,,,13,"(-0.016361392962946072, -0.022894118690177823, 0.5355010817611497, 0.5465503453641297)","(223, 90)",0.052499838249861604,4.091895109240396
,,,-13,"(-0.08089621574590829, -0.49845875262354206, 0.942826714319947, 1.0747518665368174)","(223, 90)",0.49172245786641283,4.551499051351033
,,,22,"(-0.012996162009881525, -0.017259730250112716, 0.17028502958511252, 0.17165019608522558)","(111, 90)",0.12620423054019259,4.066985974220092
,,,22,"(0.06344495871464784, 0.04112612890396647, 0.04338222652428134, 0.08717017175119648)","(111, 90)",1.0498826515393584,0.5751210840223144
,,,22,"(-0.31389673720035094, -0.21092216594635058, 0.44918361166750675, 0.587184160807486)","(111, 90)",0.6997874455217493,3.7332423971473343
,,,22,"(-0.1997321837250836, -0.19001179992642186, 0.5180959332314868, 0.5868737729340736)","(111, 90)",0.4889928159722644,3.902055553027003
,,,,,,,
,,,-11,"(-0.6651018367292751, 0.4648550972342592, 4.93331068487287, 4.999600512965727)","(-11, 90)",0.16302407267501992,2.5315897463017802
,,,22,"(-0.006405947926185039, 0.0001298115657665448, 0.009779412752868777, 0.011691447030482307)","(22, 22)",0.5800071812009674,3.1213312023441566
,,,2112,"(0.3727699413704919, 0.24020456824040443, 1.851853193425286, 2.1233953232246576)","(2212, 90)",0.23504147063460118,0.5724125222635582
,,,22,"(-0.004573486980061183, -0.006726538734259154, 0.005073001048876646, 0.009586367724126962)","(111, 90)",1.0131517605521838,4.115269187912158
,,,22,"(0.3771871037148854, -0.2921266442171316, 1.9493715324758025, 2.0069024538072213)","(111, 90)",0.24001893398487512,5.624195593186624
,,,22,"(-0.21937959049534897, -0.058318447218306216, 0.4839462496856413, 0.5345394453140557)","(221, 90)",0.438588909699185,3.401417043542334
,,,13,"(0.15264930699206744, -0.23477038381807228, 0.8048904308673156, 0.85873836838994)","(221, 90)",0.33481656481990135,5.288909586035916
,,,-13,"(-0.007145489946574823, -0.11324746305266045, 0.31279249215902294, 0.3491120517333838)","(221, 90)",0.34800824576239137,4.649376265130035
,,,,,,,
,,,-11,"(-0.6651018367292751, 0.4648550972342592, 4.93331068487287, 4.999600512965727)","(-11, 90)",0.16302407267501992,2.5315897463017802
,,,22,"(-0.006405947926185039, 0.0001298115657665448, 0.009779412752868777, 0.011691447030482307)","(22, 22)",0.5800071812009674,3.1213312023441566
,,,2112,"(0.3727699413704919, 0.24020456824040443, 1.851853193425286, 2.1233953232246576)","(2212, 90)",0.23504147063460118,0.5724125222635582
,,,22,"(-0.004573486980061183, -0.006726538734259154, 0.005073001048876646, 0.009586367724126962)","(111, 90)",1.0131517605521838,4.115269187912158
,,,22,"(0.3771871037148854, -0.2921266442171316, 1.9493715324758025, 2.0069024538072213)","(111, 90)",0.24001893398487512,5.624195593186624
,,,22,"(-0.21937959049534897, -0.058318447218306216, 0.4839462496856413, 0.5345394453140557)","(221, 90)",0.438588909699185,3.401417043542334
,,,13,"(0.15264930699206744, -0.23477038381807228, 0.8048904308673156, 0.85873836838994)","(221, 90)",0.33481656481990135,5.288909586035916
,,,-13,"(-0.007145489946574823, -0.11324746305266045, 0.31279249215902294, 0.3491120517333838)","(221, 90)",0.34800824576239137,4.649376265130035
,,,,,,,
,,,-11,"(-0.6651018367292751, 0.4648550972342592, 4.93331068487287, 4.999600512965727)","(-11, 90)",0.16302407267501992,2.5315897463017802
,,,22,"(-0.006405947926185039, 0.0001298115657665448, 0.009779412752868777, 0.011691447030482307)","(22, 22)",0.5800071812009674,3.1213312023441566
,,,2112,"(0.3727699413704919, 0.24020456824040443, 1.851853193425286, 2.1233953232246576)","(2212, 90)",0.23504147063460118,0.5724125222635582
,,,22,"(-0.004573486980061183, -0.006726538734259154, 0.005073001048876646, 0.009586367724126962)","(111, 90)",1.0131517605521838,4.115269187912158
,,,22,"(0.3771871037148854, -0.2921266442171316, 1.9493715324758025, 2.0069024538072213)","(111, 90)",0.24001893398487512,5.624195593186624
,,,22,"(-0.21937959049534897, -0.058318447218306216, 0.4839462496856413, 0.5345394453140557)","(221, 90)",0.438588909699185,3.401417043542334
,,,13,"(0.15264930699206744, -0.23477038381807228, 0.8048904308673156, 0.85873836838994)","(221, 90)",0.33481656481990135,5.288909586035916
,,,-13,"(-0.007145489946574823, -0.11324746305266045, 0.31279249215902294, 0.3491120517333838)","(221, 90)",0.34800824576239137,4.649376265130035
,,,,,,,
,,,-11,"(-0.6651018367292751, 0.4648550972342592, 4.93331068487287, 4.999600512965727)","(-11, 90)",0.16302407267501992,2.5315897463017802
,,,22,"(-0.006405947926185039, 0.0001298115657665448, 0.009779412752868777, 0.011691447030482307)","(22, 22)",0.5800071812009674,3.1213312023441566
,,,2112,"(0.3727699413704919, 0.24020456824040443, 1.851853193425286, 2.1233953232246576)","(2212, 90)",0.23504147063460118,0.5724125222635582
,,,22,"(-0.004573486980061183, -0.006726538734259154, 0.005073001048876646, 0.009586367724126962)","(111, 90)",1.0131517605521838,4.115269187912158
,,,22,"(0.3771871037148854, -0.2921266442171316, 1.9493715324758025, 2.0069024538072213)","(111, 90)",0.24001893398487512,5.624195593186624
,,,22,"(-0.21937959049534897, -0.058318447218306216, 0.4839462496856413, 0.5345394453140557)","(221, 90)",0.438588909699185,3.401417043542334
,,,13,"(0.15264930699206744, -0.23477038381807228, 0.8048904308673156, 0.85873836838994)","(221, 90)",0.33481656481990135,5.288909586035916
,,,-13,"(-0.007145489946574823, -0.11324746305266045, 0.31279249215902294, 0.3491120517333838)","(221, 90)",0.34800824576239137,4.649376265130035
,,,,,,,
,,,-11,"(-0.6651018367292751, 0.4648550972342592, 4.93331068487287, 4.999600512965727)","(-11, 90)",0.16302407267501992,2.5315897463017802
,,,22,"(-0.006405947926185039, 0.0001298115657665448, 0.009779412752868777, 0.011691447030482307)","(22, 22)",0.5800071812009674,3.1213312023441566
,,,2112,"(0.3727699413704919, 0.24020456824040443, 1.851853193425286, 2.1233953232246576)","(2212, 90)",0.23504147063460118,0.5724125222635582
,,,22,"(-0.004573486980061183, -0.006726538734259154, 0.005073001048876646, 0.009586367724126962)","(111, 90)",1.0131517605521838,4.115269187912158
,,,22,"(0.3771871037148854, -0.2921266442171316, 1.9493715324758025, 2.0069024538072213)","(111, 90)",0.24001893398487512,5.624195593186624
,,,22,"(-0.21937959049534897, -0.058318447218306216, 0.4839462496856413, 0.5345394453140557)","(221, 90)",0.438588909699185,3.401417043542334
,,,13,"(0.15264930699206744, -0.23477038381807228, 0.8048904308673156, 0.85873836838994)","(221, 90)",0.33481656481990135,5.288909586035916
,,,-13,"(-0.007145489946574823, -0.11324746305266045, 0.31279249215902294, 0.3491120517333838)","(221, 90)",0.34800824576239137,4.649376265130035
,,,,,,,
,,,-11,"(-0.6651018367292751, 0.4648550972342592, 4.93331068487287, 4.999600512965727)","(-11, 90)",0.16302407267501992,2.5315897463017802
,,,22,"(-0.006405947926185039, 0.0001298115657665448, 0.009779412752868777, 0.011691447030482307)","(22, 22)",0.5800071812009674,3.1213312023441566
,,,2112,"(0.3727699413704919, 0.24020456824040443, 1.851853193425286, 2.1233953232246576)","(2212, 90)",0.23504147063460118,0.5724125222635582
,,,22,"(-0.004573486980061183, -0.006726538734259154, 0.005073001048876646, 0.009586367724126962)","(111, 90)",1.0131517605521838,4.115269187912158
,,,22,"(0.3771871037148854, -0.2921266442171316, 1.9493715324758025, 2.0069024538072213)","(111, 90)",0.24001893398487512,5.624195593186624
,,,22,"(-0.21937959049534897, -0.058318447218306216, 0.4839462496856413, 0.5345394453140557)","(221, 90)",0.438588909699185,3.401417043542334
,,,13,"(0.15264930699206744, -0.23477038381807228, 0.8048904308673156, 0.85873836838994)","(221, 90)",0.33481656481990135,5.288909586035916
,,,-13,"(-0.007145489946574823, -0.11324746305266045, 0.31279249215902294, 0.3491120517333838)","(221, 90)",0.34800824576239137,4.649376265130035
,,,,,,,
,,,-11,"(-0.6651018367292751, 0.4648550972342592, 4.93331068487287, 4.999600512965727)","(-11, 90)",0.16302407267501992,2.5315897463017802
,,,22,"(-0.006405947926185039, 0.0001298115657665448, 0.009779412752868777, 0.011691447030482307)","(22, 22)",0.5800071812009674,3.1213312023441566
,,,2112,"(0.3727699413704919, 0.24020456824040443, 1.851853193425286, 2.1233953232246576)","(2212, 90)",0.23504147063460118,0.5724125222635582
,,,22,"(-0.004573486980061183, -0.006726538734259154, 0.005073001048876646, 0.009586367724126962)","(111, 90)",1.0131517605521838,4.115269187912158
,,,22,"(0.3771871037148854, -0.2921266442171316, 1.9493715324758025, 2.0069024538072213)","(111, 90)",0.24001893398487512,5.624195593186624
,,,22,"(-0.21937959049534897, -0.058318447218306216, 0.4839462496856413, 0.5345394453140557)","(221, 90)",0.438588909699185,3.401417043542334
,,,13,"(0.15264930699206744, -0.23477038381807228, 0.8048904308673156, 0.85873836838994)","(221, 90)",0.33481656481990135,5.288909586035916
,,,-13,"(-0.007145489946574823, -0.11324746305266045, 0.31279249215902294, 0.3491120517333838)","(221, 90)",0.34800824576239137,4.649376265130035
,,,,,,,
,,,-11,"(-0.6651018367292751, 0.4648550972342592, 4.93331068487287, 4.999600512965727)","(-11, 90)",0.16302407267501992,2.5315897463017802
,,,22,"(-0.006405947926185039, 0.0001298115657665448, 0.009779412752868777, 0.011691447030482307)","(22, 22)",0.5800071812009674,3.1213312023441566
,,,2112,"(0.3727699413704919, 0.24020456824040443, 1.851853193425286, 2.1233953232246576)","(2212, 90)",0.23504147063460118,0.5724125222635582
,,,22,"(-0.004573486980061183, -0.006726538734259154, 0.005073001048876646, 0.009586367724126962)","(111, 90)",1.0131517605521838,4.115269187912158
,,,22,"(0.3771871037148854, -0.2921266442171316, 1.9493715324758025, 2.0069024538072213)","(111, 90)",0.24001893398487512,5.624195593186624
,,,22,"(-0.21937959049534897, -0.058318447218306216, 0.4839462496856413, 0.5345394453140557)","(221, 90)",0.438588909699185,3.401417043542334
,,,13,"(0.15264930699206744, -0.23477038381807228, 0.8048904308673156, 0.85873836838994)","(221, 90)",0.33481656481990135,5.288909586035916
,,,-13,"(-0.007145489946574823, -0.11324746305266045, 0.31279249215902294, 0.3491120517333838)","(221, 90)",0.34800824576239137,4.649376265130035
,,,,,,,
,,,-11,"(0.030329096067550937, 0.6835845679023722, 7.683420773711289, 7.713829318993373)","(-12, 2)",0.08882198178796842,1.5264576742478726
,,,2112,"(-0.13529939337410257, -0.034388962494313946, 2.2073001750631516, 2.4030094411638623)","(1, 2101)",0.06316115340660425,3.39049157006291
,,,22,"(0.151129116785346, -0.019744904540745484, 0.12604160114601642, 0.19777855398170294)","(221, 90)",0.8798243775178299,6.1532719041201
,,,13,"(0.05908244303029756, -0.2535978812927925, 0.21566570854640738, 0.354229239213035)","(221, 90)",0.8790696183452802,4.941282838057401
,,,-13,"(-0.10524126250909172, -0.37585281957451955, 0.5660816640634456, 0.6956677017840225)","(221, 90)",0.6036389344013914,4.439374175881937
,,,,,,,
,,,-11,"(0.030329096067550937, 0.6835845679023722, 7.683420773711289, 7.713829318993373)","(-12, 2)",0.08882198178796842,1.5264576742478726
,,,2112,"(-0.13529939337410257, -0.034388962494313946, 2.2073001750631516, 2.4030094411638623)","(1, 2101)",0.06316115340660425,3.39049157006291
,,,22,"(0.151129116785346, -0.019744904540745484, 0.12604160114601642, 0.19777855398170294)","(221, 90)",0.8798243775178299,6.1532719041201
,,,13,"(0.05908244303029756, -0.2535978812927925, 0.21566570854640738, 0.354229239213035)","(221, 90)",0.8790696183452802,4.941282838057401
,,,-13,"(-0.10524126250909172, -0.37585281957451955, 0.5660816640634456, 0.6956677017840225)","(221, 90)",0.6036389344013914,4.439374175881937
,,,,,,,
,,,-11,"(0.030329096067550937, 0.6835845679023722, 7.683420773711289, 7.713829318993373)","(-12, 2)",0.08882198178796842,1.5264576742478726
,,,2112,"(-0.13529939337410257, -0.034388962494313946, 2.2073001750631516, 2.4030094411638623)","(1, 2101)",0.06316115340660425,3.39049157006291
,,,22,"(0.151129116785346, -0.019744904540745484, 0.12604160114601642, 0.19777855398170294)","(221, 90)",0.8798243775178299,6.1532719041201
,,,13,"(0.05908244303029756, -0.2535978812927925, 0.21566570854640738, 0.354229239213035)","(221, 90)",0.8790696183452802,4.941282838057401
,,,-13,"(-0.10524126250909172, -0.37585281957451955, 0.5660816640634456, 0.6956677017840225)","(221, 90)",0.6036389344013914,4.439374175881937
,,,,,,,
,,,-11,"(0.030329096067550937, 0.6835845679023722, 7.683420773711289, 7.713829318993373)","(-12, 2)",0.08882198178796842,1.5264576742478726
,,,2112,"(-0.13529939337410257, -0.034388962494313946, 2.2073001750631516, 2.4030094411638623)","(1, 2101)",0.06316115340660425,3.39049157006291
,,,22,"(0.151129116785346, -0.019744904540745484, 0.12604160114601642, 0.19777855398170294)","(221, 90)",0.8798243775178299,6.1532719041201
,,,13,"(0.05908244303029756, -0.2535978812927925, 0.21566570854640738, 0.354229239213035)","(221, 90)",0.8790696183452802,4.941282838057401
,,,-13,"(-0.10524126250909172, -0.37585281957451955, 0.5660816640634456, 0.6956677017840225)","(221, 90)",0.6036389344013914,4.439374175881937
,,,,,,,
,,,-11,"(0.030329096067550937, 0.6835845679023722, 7.683420773711289, 7.713829318993373)","(-12, 2)",0.08882198178796842,1.5264576742478726
,,,2112,"(-0.13529939337410257, -0.034388962494313946, 2.2073001750631516, 2.4030094411638623)","(1, 2101)",0.06316115340660425,3.39049157006291
,,,22,"(0.151129116785346, -0.019744904540745484, 0.12604160114601642, 0.19777855398170294)","(221, 90)",0.8798243775178299,6.1532719041201
,,,13,"(0.05908244303029756, -0.2535978812927925, 0.21566570854640738, 0.354229239213035)","(221, 90)",0.8790696183452802,4.941282838057401
,,,-13,"(-0.10524126250909172, -0.37585281957451955, 0.5660816640634456, 0.6956677017840225)","(221, 90)",0.6036389344013914,4.439374175881937
,,,,,,,
,,,-11,"(0.030329096067550937, 0.6835845679023722, 7.683420773711289, 7.713829318993373)","(-12, 2)",0.08882198178796842,1.5264576742478726
,,,2112,"(-0.13529939337410257, -0.034388962494313946, 2.2073001750631516, 2.4030094411638623)","(1, 2101)",0.06316115340660425,3.39049157006291
,,,22,"(0.151129116785346, -0.019744904540745484, 0.12604160114601642, 0.19777855398170294)","(221, 90)",0.8798243775178299,6.1532719041201
,,,13,"(0.05908244303029756, -0.2535978812927925, 0.21566570854640738, 0.354229239213035)","(221, 90)",0.8790696183452802,4.941282838057401
,,,-13,"(-0.10524126250909172, -0.37585281957451955, 0.5660816640634456, 0.6956677017840225)","(221, 90)",0.6036389344013914,4.439374175881937
,,,,,,,
,,,-11,"(0.030329096067550937, 0.6835845679023722, 7.683420773711289, 7.713829318993373)","(-12, 2)",0.08882198178796842,1.5264576742478726
,,,2112,"(-0.13529939337410257, -0.034388962494313946, 2.2073001750631516, 2.4030094411638623)","(1, 2101)",0.06316115340660425,3.39049157006291
,,,22,"(0.151129116785346, -0.019744904540745484, 0.12604160114601642, 0.19777855398170294)","(221, 90)",0.8798243775178299,6.1532719041201
,,,13,"(0.05908244303029756, -0.2535978812927925, 0.21566570854640738, 0.354229239213035)","(221, 90)",0.8790696183452802,4.941282838057401
,,,-13,"(-0.10524126250909172, -0.37585281957451955, 0.5660816640634456, 0.6956677017840225)","(221, 90)",0.6036389344013914,4.439374175881937
,,,,,,,
,,,-11,"(0.030329096067550937, 0.6835845679023722, 7.683420773711289, 7.713829318993373)","(-12, 2)",0.08882198178796842,1.5264576742478726
,,,2112,"(-0.13529939337410257, -0.034388962494313946, 2.2073001750631516, 2.4030094411638623)","(1, 2101)",0.06316115340660425,3.39049157006291
,,,22,"(0.151129116785346, -0.019744904540745484, 0.12604160114601642, 0.19777855398170294)","(221, 90)",0.8798243775178299,6.1532719041201
,,,13,"(0.05908244303029756, -0.2535978812927925, 0.21566570854640738, 0.354229239213035)","(221, 90)",0.8790696183452802,4.941282838057401
,,,-13,"(-0.10524126250909172, -0.37585281957451955, 0.5660816640634456, 0.6956677017840225)","(221, 90)",0.6036389344013914,4.439374175881937
,,,,,,,
,,,-11,"(-0.4810206100644026, 1.0824730467798191, 6.159571296449132, 6.272435535059132)","(-12, -1)",0.18998897747948282,1.9889600806882473
,,,2112,"(0.5292837254554233, -0.2137568952896664, 0.7492663244782838, 1.3304228960045161)","(2212, 90)",0.6510332247740832,5.8993551784276255
,,,22,"(0.14927088886941134, -0.011558640162922573, 0.4295442182017681, 0.4548885971497284)","(111, 90)",0.3353826810103018,6.205905530441967
,,,22,"(0.3457049456077921, -0.22339207782081116, 1.5061722968972613, 1.5614003067091902)","(111, 90)",0.26676328693850065,5.7094910957698914
,,,13,"(-0.03383079487085151, 0.15260877716889043, 0.8462269677264626, 0.8670052353118183)","(223, 90)",0.18265943989716657,1.788951512635251
,,,-13,"(-0.5094081549973724, -0.7863742106753094, 6.7365317837135406, 6.802198584000306)","(223, 90)",0.13819879005254185,4.137566419151431
,,,,,,,
,,,-11,"(-0.4810206100644026, 1.0824730467798191, 6.159571296449132, 6.272435535059132)","(-12, -1)",0.18998897747948282,1.9889600806882473
,,,2112,"(0.5292837254554233, -0.2137568952896664, 0.7492663244782838, 1.3304228960045161)","(2212, 90)",0.6510332247740832,5.8993551784276255
,,,22,"(0.14927088886941134, -0.011558640162922573, 0.4295442182017681, 0.4548885971497284)","(111, 90)",0.3353826810103018,6.205905530441967
,,,22,"(0.3457049456077921, -0.22339207782081116, 1.5061722968972613, 1.5614003067091902)","(111, 90)",0.26676328693850065,5.7094910957698914
,,,13,"(-0.03383079487085151, 0.15260877716889043, 0.8462269677264626, 0.8670052353118183)","(223, 90)",0.18265943989716657,1.788951512635251
,,,-13,"(-0.5094081549973724, -0.7863742106753094, 6.7365317837135406, 6.802198584000306)","(223, 90)",0.13819879005254185,4.137566419151431
,,,,,,,
,,,-11,"(-0.4810206100644026, 1.0824730467798191, 6.159571296449132, 6.272435535059132)","(-12, -1)",0.18998897747948282,1.9889600806882473
,,,2112,"(0.5292837254554233, -0.2137568952896664, 0.7492663244782838, 1.3304228960045161)","(2212, 90)",0.6510332247740832,5.8993551784276255
,,,22,"(0.14927088886941134, -0.011558640162922573, 0.4295442182017681, 0.4548885971497284)","(111, 90)",0.3353826810103018,6.205905530441967
,,,22,"(0.3457049456077921, -0.22339207782081116, 1.5061722968972613, 1.5614003067091902)","(111, 90)",0.26676328693850065,5.7094910957698914
,,,13,"(-0.03383079487085151, 0.15260877716889043, 0.8462269677264626, 0.8670052353118183)","(223, 90)",0.18265943989716657,1.788951512635251
,,,-13,"(-0.5094081549973724, -0.7863742106753094, 6.7365317837135406, 6.802198584000306)","(223, 90)",0.13819879005254185,4.137566419151431
,,,,,,,
,,,-11,"(-0.4810206100644026, 1.0824730467798191, 6.159571296449132, 6.272435535059132)","(-12, -1)",0.18998897747948282,1.9889600806882473
,,,2112,"(0.5292837254554233, -0.2137568952896664, 0.7492663244782838, 1.3304228960045161)","(2212, 90)",0.6510332247740832,5.8993551784276255
,,,22,"(0.14927088886941134, -0.011558640162922573, 0.4295442182017681, 0.4548885971497284)","(111, 90)",0.3353826810103018,6.205905530441967
,,,22,"(0.3457049456077921, -0.22339207782081116, 1.5061722968972613, 1.5614003067091902)","(111, 90)",0.26676328693850065,5.7094910957698914
,,,13,"(-0.03383079487085151, 0.15260877716889043, 0.8462269677264626, 0.8670052353118183)","(223, 90)",0.18265943989716657,1.788951512635251
,,,-13,"(-0.5094081549973724, -0.7863742106753094, 6.7365317837135406, 6.802198584000306)","(223, 90)",0.13819879005254185,4.137566419151431
,,,,,,,
,,,-11,"(-0.4810206100644026, 1.0824730467798191, 6.159571296449132, 6.272435535059132)","(-12, -1)",0.18998897747948282,1.9889600806882473
,,,2112,"(0.5292837254554233, -0.2137568952896664, 0.7492663244782838, 1.3304228960045161)","(2212, 90)",0.6510332247740832,5.8993551784276255
,,,22,"(0.14927088886941134, -0.011558640162922573, 0.4295442182017681, 0.4548885971497284)","(111, 90)",0.3353826810103018,6.205905530441967
,,,22,"(0.3457049456077921, -0.22339207782081116, 1.5061722968972613, 1.5614003067091902)","(111, 90)",0.26676328693850065,5.7094910957698914
,,,13,"(-0.03383079487085151, 0.15260877716889043, 0.8462269677264626, 0.8670052353118183)","(223, 90)",0.18265943989716657,1.788951512635251
,,,-13,"(-0.5094081549973724, -0.7863742106753094, 6.7365317837135406, 6.802198584000306)","(223, 90)",0.13819879005254185,4.137566419151431
,,,,,,,
,,,-11,"(-0.4810206100644026, 1.0824730467798191, 6.159571296449132, 6.272435535059132)","(-12, -1)",0.18998897747948282,1.9889600806882473
,,,2112,"(0.5292837254554233, -0.2137568952896664, 0.7492663244782838, 1.3304228960045161)","(2212, 90)",0.6510332247740832,5.8993551784276255
,,,22,"(0.14927088886941134, -0.011558640162922573, 0.4295442182017681, 0.4548885971497284)","(111, 90)",0.3353826810103018,6.205905530441967
,,,22,"(0.3457049456077921, -0.22339207782081116, 1.5061722968972613, 1.5614003067091902)","(111, 90)",0.26676328693850065,5.7094910957698914
,,,13,"(-0.03383079487085151, 0.15260877716889043, 0.8462269677264626, 0.8670052353118183)","(223, 90)",0.18265943989716657,1.788951512635251
,,,-13,"(-0.5094081549973724, -0.7863742106753094, 6.7365317837135406, 6.802198584000306)","(223, 90)",0.13819879005254185,4.137566419151431
,,,,,,,
,,,-11,"(-0.4810206100644026, 1.0824730467798191, 6.159571296449132, 6.272435535059132)","(-12, -1)",0.18998897747948282,1.9889600806882473
,,,2112,"(0.5292837254554233, -0.2137568952896664, 0.7492663244782838, 1.3304228960045161)","(2212, 90)",0.6510332247740832,5.8993551784276255
,,,22,"(0.14927088886941134, -0.011558640162922573, 0.4295442182017681, 0.4548885971497284)","(111, 90)",0.3353826810103018,6.205905530441967
,,,22,"(0.3457049456077921, -0.22339207782081116, 1.5061722968972613, 1.5614003067091902)","(111, 90)",0.26676328693850065,5.7094910957698914
,,,13,"(-0.03383079487085151, 0.15260877716889043, 0.8462269677264626, 0.8670052353118183)","(223, 90)",0.18265943989716657,1.788951512635251
,,,-13,"(-0.5094081549973724, -0.7863742106753094, 6.7365317837135406, 6.802198584000306)","(223, 90)",0.13819879005254185,4.137566419151431
,,,,,,,
,,,-11,"(-0.4810206100644026, 1.0824730467798191, 6.159571296449132, 6.272435535059132)","(-12, -1)",0.18998897747948282,1.9889600806882473
,,,2112,"(0.5292837254554233, -0.2137568952896664, 0.7492663244782838, 1.3304228960045161)","(2212, 90)",0.6510332247740832,5.8993551784276255
,,,22,"(0.14927088886941134, -0.011558640162922573, 0.4295442182017681, 0.4548885971497284)","(111, 90)",0.3353826810103018,6.205905530441967
,,,22,"(0.3457049456077921, -0.22339207782081116, 1.5061722968972613, 1.5614003067091902)","(111, 90)",0.26676328693850065,5.7094910957698914
,,,13,"(-0.03383079487085151, 0.15260877716889043, 0.8462269677264626, 0.8670052353118183)","(223, 90)",0.18265943989716657,1.788951512635251
,,,-13,"(-0.5094081549973724, -0.7863742106753094, 6.7365317837135406, 6.802198584000306)","(223, 90)",0.13819879005254185,4.137566419151431
,,,,,,,
